600000,  浦发银行,600000,  浦发银行,  1999-11-10,2161827.99,2051881.86,  
600004,  白云机场,600004,  白云机场,  2003-04-28,115006.45,115006.45,  
600006,  东风汽车,600006,  东风汽车,  1999-07-27,200000,200000,  
600007,  中国国贸,600007,  中国国贸,  1999-03-12,100728.25,100728.25,  
600008,  首创股份,600008,  首创股份,  2000-04-27,482061.41,482061.41,  
600009,  上海机场,600009,  上海机场,  1998-02-18,192695.84,109347.64,  
600010,  包钢股份,600010,  包钢股份,  2001-03-09,3256073.76,1574202.42,  
600011,  华能国际,600011,  华能国际,  2001-12-06,1520038.34,1520038.34,  
600012,  皖通高速,600012,  皖通高速,  2003-01-07,165861,165861,  
600015,  华夏银行,600015,  华夏银行,  2003-09-12,1068557.22,1068557.22,  
600016,  民生银行,600016,  民生银行,  2000-12-19,3648534.88,3648534.88,  
600017,  日照港,600017,  日照港,  2006-10-17,307565.39,307565.39,  
600018,  上港集团,600018,  上港集团,  2006-10-26,2317367.47,2275517.97,  
600019,  宝钢股份,600019,  宝钢股份,  2000-12-12,1645014.02,1642427.88,  
600020,  中原高速,600020,  中原高速,  2003-08-08,224737.18,224737.18,  
600021,  上海电力,600021,  上海电力,  2003-10-29,213973.93,213973.93,  
600022,  山东钢铁,600022,  山东钢铁,  2004-06-29,842042.28,822201.01,  
600023,  浙能电力,600023,  浙能电力,  2013-12-19,1360069,1360069,  
600026,  中远海能,600026,  中远海能,  2002-05-23,403203.29,403203.29,  
600027,  华电国际,600027,  华电国际,  2005-02-03,986297.67,850183.93,  
600028,  中国石化,600028,  中国石化,  2001-08-08,12107120.96,12107120.96,  
600029,  南方航空,600029,  南方航空,  2003-07-25,981756.7,981756.7,  
600030,  中信证券,600030,  中信证券,  2003-01-06,1211690.84,1209298.94,  
600031,  三一重工,600031,  三一重工,  2003-07-03,765794.63,759372.79,  
600033,  福建高速,600033,  福建高速,  2001-02-09,274440,274440,  
600035,  楚天高速,600035,  楚天高速,  2004-03-10,145337.79,145337.79,  
600036,  招商银行,600036,  招商银行,  2002-04-09,2521984.56,2521984.56,  
600037,  歌华有线,600037,  歌华有线,  2001-02-08,139177.79,116835.2,  
600038,  中直股份,600038,  中直股份,  2000-12-18,58947.67,58947.67,  
600039,  四川路桥,600039,  四川路桥,  2003-03-25,301973.27,301973.27,  
600048,  保利地产,600048,  保利地产,  2006-07-31,1185844.11,1075953.99,  
600050,  中国联通,600050,  中国联通,  2002-10-09,2119659.64,2119659.64,  
600051,  宁波联合,600051,  宁波联合,  1997-04-10,31088,30748.8,  
600052,  浙江广厦,600052,  浙江广厦,  1997-04-18,87178.91,87178.91,  
600053,  九鼎投资,600053,  九鼎投资,  1997-04-18,43354.08,43354.08,  
600054,  黄山旅游,600054,  黄山旅游,  1997-05-06,74730,74730,  
600055,  万东医疗,600055,  万东医疗,  1997-05-19,38629.73,34632,  
600056,  中国医药,600056,  中国医药,  1997-05-15,106848.55,101213.61,  
600057,  象屿股份,600057,  象屿股份,  1997-06-04,117077.94,110440.34,  
600058,  五矿发展,600058,  五矿发展,  1997-05-28,107191.07,107191.07,  
600059,  古越龙山,600059,  古越龙山,  1997-05-16,80852.42,80852.42,  
600060,  海信电器,600060,  海信电器,  1997-04-22,130848.12,130848.12,  
600061,  国投安信,600061,  国投安信,  1997-05-19,369415.17,196236.5,  
600062,  华润双鹤,600062,  华润双鹤,  1997-05-22,72447.06,57169.59,  
600063,  皖维高新,600063,  皖维高新,  1997-05-28,164589.47,152011.33,  
600064,  南京高科,600064,  南京高科,  1997-05-06,77247.31,77247.31,  
600066,  宇通客车,600066,  宇通客车,  1997-05-08,221393.92,190348.42,  
600067,  冠城大通,600067,  冠城大通,  1997-05-08,149211.07,149211.07,  
600068,  葛洲坝,600068,  葛洲坝,  1997-05-26,460477.74,414857.63,  
600069,  银鸽投资,600069,  银鸽投资,  1997-04-30,124910.3,82537.41,  
600070,  浙江富润,600070,  浙江富润,  1997-06-04,52194.61,35661.31,  
600071,  凤凰光学,600071,  凤凰光学,  1997-05-28,23747.25,23747.25,  
600072,  钢构工程,600072,  钢构工程,  1997-06-03,73624.99,47842.96,  
600073,  上海梅林,600073,  上海梅林,  1997-07-04,93772.95,93772.95,  
600074,  保千里,600074,  保千里,  1997-06-23,243788.6,90560.07,  
600075,  新疆天业,600075,  新疆天业,  1997-06-17,69465.88,43859.2,  
600076,  康欣新材,600076,  康欣新材,  1997-05-26,103426.41,75237.46,  
600077,  宋都股份,600077,  宋都股份,  1997-05-20,134012.23,134012.23,  
600078,  澄星股份,600078,  澄星股份,  1997-06-27,66257.29,66257.29,  
600079,  人福医药,600079,  人福医药,  1997-06-06,128604.91,105755.44,  
600080,  金花股份,600080,  金花股份,  1997-06-12,30529.59,30529.59,  
600081,  东风科技,600081,  东风科技,  1997-07-03,31356,31356,  
600082,  海泰发展,600082,  海泰发展,  1997-06-20,64611.58,63254.18,  
600083,  博信股份,600083,  博信股份,  1997-06-06,23000,22692.28,  
600084,  中葡股份,600084,  中葡股份,  1997-07-11,112372.68,99820.38,  
600085,  同仁堂,600085,  同仁堂,  1997-06-25,137147.03,137147.03,  
600086,  东方金钰,600086,  东方金钰,  1997-06-06,135000,105684.5,  
600088,  中视传媒,600088,  中视传媒,  1997-06-16,33142.2,33142.2,  
600089,  特变电工,600089,  特变电工,  1997-06-18,323831.37,319962.43,  
600090,  同济堂,600090,  同济堂,  1997-06-16,143966.29,36791.66,  
600091,  ST明科,600091,  ST明科,  1997-07-04,43741.25,33652.6,  
600093,  禾嘉股份,600093,  禾嘉股份,  1997-06-26,112244.75,32244.75,  
600094,  大名城,600094,  大名城,  1997-07-03,247532.51,201155.69,  
600095,  哈高科,600095,  哈高科,  1997-07-08,36126.36,36126.36,  
600096,  云天化,600096,  云天化,  1997-07-09,132137.91,112213.01,  
600097,  开创国际,600097,  开创国际,  1997-06-19,20259.79,20259.79,  
600098,  广州发展,600098,  广州发展,  1997-07-18,272619.66,272619.66,  
600099,  林海股份,600099,  林海股份,  1997-07-04,21912,21912,  
600100,  同方股份,600100,  同方股份,  1997-06-27,296389.9,219788.22,  
600101,  明星电力,600101,  明星电力,  1997-06-27,32417.9,32417.9,  
600103,  青山纸业,600103,  青山纸业,  1997-07-03,177370.6,106184.16,  
600104,  上汽集团,600104,  上汽集团,  1997-11-25,1168346.14,1102556.66,  
600105,  永鼎股份,600105,  永鼎股份,  1997-09-29,94499.31,76190.93,  
600106,  重庆路桥,600106,  重庆路桥,  1997-06-18,90774.2,90774.2,  
600107,  美尔雅,600107,  美尔雅,  1997-11-06,36000,36000,  
600108,  亚盛集团,600108,  亚盛集团,  1997-08-18,194691.51,194691.51,  
600109,  国金证券,600109,  国金证券,  1997-08-07,302435.93,302435.93,  
600110,  诺德股份,600110,  诺德股份,  1997-10-07,115031.21,115031.21,  
600111,  北方稀土,600111,  北方稀土,  1997-09-24,363306.6,363306.6,  
600112,  天成控股,600112,  天成控股,  1997-11-27,50920.48,50920.48,  
600113,  浙江东日,600113,  浙江东日,  1997-10-21,31860,31860,  
600114,  东睦股份,600114,  东睦股份,  2004-05-11,42534.76,38113.55,  
600115,  东方航空,600115,  东方航空,  1997-11-05,1446758.57,1314017.89,  
600116,  三峡水利,600116,  三峡水利,  1997-08-04,99300.55,88800.55,  
600117,  西宁特钢,600117,  西宁特钢,  1997-10-15,104511.83,74121.93,  
600118,  中国卫星,600118,  中国卫星,  1997-09-08,118248.91,118248.91,  
600119,  长江投资,600119,  长江投资,  1998-01-15,30740,30740,  
600120,  浙江东方,600120,  浙江东方,  1997-12-01,50547.35,50547.35,  
600121,  郑州煤电,600121,  郑州煤电,  1998-01-07,101534.34,101534.34,  
600122,  宏图高科,600122,  宏图高科,  1998-04-20,115381.84,115206.84,  
600123,  兰花科创,600123,  兰花科创,  1998-12-17,114240,114240,  
600125,  铁龙物流,600125,  铁龙物流,  1998-05-11,130552.19,130552.19,  
600126,  杭钢股份,600126,  杭钢股份,  1998-03-11,259783.78,83893.88,  
600127,  金健米业,600127,  金健米业,  1998-05-06,64178.32,64178.32,  
600128,  弘业股份,600128,  弘业股份,  1997-09-01,24676.75,24676.75,  
600129,  太极集团,600129,  太极集团,  1997-11-18,42689.4,42689.4,  
600130,  波导股份,600130,  波导股份,  2000-07-06,76800,76800,  
600131,  岷江水电,600131,  岷江水电,  1998-04-02,50412.52,39743.81,  
600132,  重庆啤酒,600132,  重庆啤酒,  1997-10-30,48397.12,48397.12,  
600133,  东湖高新,600133,  东湖高新,  1998-02-12,63425.78,53794.89,  
600135,  乐凯胶片,600135,  乐凯胶片,  1998-01-22,37299.17,36834.3,  
600136,  当代明诚,600136,  当代明诚,  1998-03-03,48718.22,24830.74,  
600137,  浪莎股份,600137,  浪莎股份,  1998-04-16,9721.76,9721.76,  
600138,  中青旅,600138,  中青旅,  1997-12-03,72384,70271.82,  
600139,  西部资源,600139,  西部资源,  1998-02-25,66189.05,66189.05,  
600141,  兴发集团,600141,  兴发集团,  1999-06-16,51223.73,48029.72,  
600143,  金发科技,600143,  金发科技,  2004-06-23,271678.48,256000,  
600145,  *ST新亿,600145,  *ST新亿,  1999-09-23,149110.04,149110.04,  
600146,  商赢环球,600146,  商赢环球,  1999-07-07,46997,20000,  
600148,  长春一东,600148,  长春一东,  1998-05-20,14151.65,14151.65,  
600149,  廊坊发展,600149,  廊坊发展,  1999-10-14,38016,38016,  
600150,  中国船舶,600150,  中国船舶,  1998-05-20,137811.76,137811.76,  
600151,  航天机电,600151,  航天机电,  1998-06-05,143425.23,125017.99,  
600152,  维科精华,600152,  维科精华,  1998-06-09,29349.42,29349.42,  
600153,  建发股份,600153,  建发股份,  1998-06-16,283520.05,283520.05,  
600155,  宝硕股份,600155,  宝硕股份,  1998-09-18,173955.66,41250,  
600156,  华升股份,600156,  华升股份,  1998-05-27,40211.07,40211.07,  
600157,  永泰能源,600157,  永泰能源,  1998-05-13,1242579.53,459565.48,  
600158,  中体产业,600158,  中体产业,  1998-03-27,84373.54,65749.54,  
600159,  大龙地产,600159,  大龙地产,  1998-05-26,83000.32,83000.32,  
600160,  巨化股份,600160,  巨化股份,  1998-06-26,211166.62,181091.6,  
600161,  天坛生物,600161,  天坛生物,  1998-06-16,51546.69,51546.69,  
600162,  香江控股,600162,  香江控股,  1998-06-09,340337.14,176218.4,  
600163,  中闽能源,600163,  中闽能源,  1998-06-02,99946.52,75362.39,  
600165,  新日恒力,600165,  新日恒力,  1998-05-29,68488.38,68488.38,  
600166,  福田汽车,600166,  福田汽车,  1998-06-02,667013.13,667013.13,  
600167,  联美控股,600167,  联美控股,  1999-01-28,68014.93,21100,  
600168,  武汉控股,600168,  武汉控股,  1998-04-27,70956.97,70956.97,  
600169,  太原重工,600169,  太原重工,  1998-09-04,256395.5,242395.5,  
600170,  上海建工,600170,  上海建工,  1998-06-23,713185.71,690631.49,  
600171,  上海贝岭,600171,  上海贝岭,  1998-09-24,67380.78,67380.78,  
600172,  黄河旋风,600172,  黄河旋风,  1998-11-26,79239.89,64578.46,  
600173,  卧龙地产,600173,  卧龙地产,  1999-04-15,72514.75,72505.75,  
600175,  美都能源,600175,  美都能源,  1999-04-08,357648.88,144803.32,  
600176,  中国巨石,600176,  中国巨石,  1999-04-22,243215.75,243215.75,  
600177,  雅戈尔,600177,  雅戈尔,  1998-11-19,255817.67,222661.17,  
600178,  东安动力,600178,  东安动力,  1998-10-14,46208,46208,  
600179,  安通控股,600179,  安通控股,  1998-11-04,106212.85,39000,  
600180,  瑞茂通,600180,  瑞茂通,  1998-07-03,101647.75,88254.89,  
600182,  S佳通,600182,  S佳通,  1999-05-07,34000,17000,  
600183,  生益科技,600183,  生益科技,  1998-10-28,144112.5,144112.5,  
600184,  光电股份,600184,  光电股份,  2003-11-06,50876.08,41876.08,  
600185,  格力地产,600185,  格力地产,  1999-06-11,206000.03,161752.24,  
600186,  莲花健康,600186,  莲花健康,  1998-08-25,106202.43,106202.43,  
600187,  国中水务,600187,  国中水务,  1998-11-11,145562.42,145562.42,  
600188,  兖州煤业,600188,  兖州煤业,  1998-07-01,491201.6,491201.6,  
600189,  吉林森工,600189,  吉林森工,  1998-10-07,31050,31050,  
600190,  锦州港,600190,  锦州港,  1999-06-09,200229.15,200229.15,  
600191,  华资实业,600191,  华资实业,  1998-12-10,48493.2,48493.2,  
600192,  长城电工,600192,  长城电工,  1998-12-24,44174.8,44174.8,  
600193,  创兴资源,600193,  创兴资源,  1999-05-27,42537.3,42537.3,  
600195,  中牧股份,600195,  中牧股份,  1999-01-07,42980,42980,  
600196,  复星医药,600196,  复星医药,  1998-08-07,241451.2,231225.73,  
600197,  伊力特,600197,  伊力特,  1999-09-16,44100,44100,  
600198,  大唐电信,600198,  大唐电信,  1998-10-21,88210.85,83942.25,  
600199,  金种子酒,600199,  金种子酒,  1998-08-12,55577.5,55577.5,  
600200,  江苏吴中,600200,  江苏吴中,  1999-04-01,72189.2,66662.61,  
600201,  生物股份,600201,  生物股份,  1999-01-15,61315.24,56894.35,  
600202,  哈空调,600202,  哈空调,  1999-06-03,38334.07,38334.07,  
600203,  福日电子,600203,  福日电子,  1999-05-14,45644.71,30317.08,  
600206,  有研新材,600206,  有研新材,  1999-03-19,83877.83,83877.83,  
600207,  安彩高科,600207,  安彩高科,  1999-07-14,86295.6,69000,  
600208,  新湖中宝,600208,  新湖中宝,  1999-06-23,859934.35,859817.19,  
600209,  罗顿发展,600209,  罗顿发展,  1999-03-25,43901.12,42634.5,  
600210,  紫江企业,600210,  紫江企业,  1999-08-24,151673.62,143673.62,  
600211,  西藏药业,600211,  西藏药业,  1999-07-21,14558.9,11410.9,  
600212,  江泉实业,600212,  江泉实业,  1999-08-17,51169.72,51169.72,  
600213,  亚星客车,600213,  亚星客车,  1999-08-31,22000,22000,  
600215,  长春经开,600215,  长春经开,  1999-09-09,46503.29,46503.29,  
600216,  浙江医药,600216,  浙江医药,  1999-10-21,96284.8,93610.37,  
600217,  中再资环,600217,  中再资环,  1999-12-16,134158.75,69198.27,  
600218,  全柴动力,600218,  全柴动力,  1998-12-03,36875.5,36875.5,  
600219,  南山铝业,600219,  南山铝业,  1999-12-23,925110.29,708796.09,  
600220,  江苏阳光,600220,  江苏阳光,  1999-09-27,178334.03,178334.03,  
600221,  海南航空,600221,  海南航空,  1999-11-25,1680612.03,1218151.06,  
600222,  太龙药业,600222,  太龙药业,  1999-11-05,57388.63,51856.51,  
600223,  鲁商置业,600223,  鲁商置业,  2000-01-13,100096.8,100096.8,  
600225,  天津松江,600225,  天津松江,  2000-01-27,93549.26,85043.46,  
600226,  升华拜克,600226,  升华拜克,  1999-11-16,109498.3,109498.3,  
600227,  赤天化,600227,  赤天化,  2000-02-21,173631.91,95039.25,  
600228,  昌九生化,600228,  昌九生化,  1999-01-19,24132,24132,  
600229,  城市传媒,600229,  城市传媒,  2000-03-09,70209.6,42977.21,  
600230,  *ST沧大,600230,  *ST沧大,  2000-04-06,29418.82,29418.82,  
600231,  凌钢股份,600231,  凌钢股份,  2000-05-11,251916.61,160800.44,  
600232,  金鹰股份,600232,  金鹰股份,  2000-06-02,36471.85,36471.85,  
600233,  圆通速递,600233,  圆通速递,  2000-06-08,282122.96,33000,  
600234,  *ST山水,600234,  *ST山水,  2000-06-15,20244.59,20244.59,  
600235,  民丰特纸,600235,  民丰特纸,  2000-06-15,35130,35130,  
600236,  桂冠电力,600236,  桂冠电力,  2000-03-23,606336.75,360447.08,  
600237,  铜峰电子,600237,  铜峰电子,  2000-06-09,56436.96,56436.96,  
600238,  海南椰岛,600238,  海南椰岛,  2000-01-20,44820,44500.16,  
600239,  云南城投,600239,  云南城投,  1999-12-02,107045.79,107045.79,  
600240,  华业资本,600240,  华业资本,  2000-06-28,142425.36,142425.36,  
600241,  时代万恒,600241,  时代万恒,  2000-11-28,22619.21,19295.91,  
600242,  中昌数据,600242,  中昌数据,  2000-12-07,41801.13,26730.28,  
600243,  青海华鼎,600243,  青海华鼎,  2000-11-20,43885,23685,  
600246,  万通地产,600246,  万通地产,  2000-09-22,205400.93,121680,  
600247,  ST成城,600247,  ST成城,  2000-11-23,33644.16,33644.16,  
600248,  延长化建,600248,  延长化建,  2000-06-22,61579.6,60760.6,  
600249,  两面针,600249,  两面针,  2004-01-30,55000,45000,  
600250,  南纺股份,600250,  南纺股份,  2001-03-06,25869.25,25869.25,  
600251,  冠农股份,600251,  冠农股份,  2003-06-09,78484.2,78484.2,  
600252,  中恒集团,600252,  中恒集团,  2000-11-30,347510.71,343009.66,  
600255,  鑫科材料,600255,  鑫科材料,  2000-11-22,176959.36,176959.36,  
600256,  广汇能源,600256,  广汇能源,  2000-05-26,522142.47,522142.47,  
600257,  大湖股份,600257,  大湖股份,  2000-06-12,48123.72,42705,  
600258,  首旅酒店,600258,  首旅酒店,  2000-06-01,67978.56,23140,  
600259,  广晟有色,600259,  广晟有色,  2000-05-25,30180.23,25830.59,  
600260,  凯乐科技,600260,  凯乐科技,  2000-07-06,66674.76,53252.71,  
600261,  阳光照明,600261,  阳光照明,  2000-07-20,145210.29,145210.29,  
600262,  北方股份,600262,  北方股份,  2000-06-30,17000,17000,  
600265,  ST景谷,600265,  ST景谷,  2000-08-25,12980,12980,  
600266,  北京城建,600266,  北京城建,  1999-02-03,156704,151704,  
600267,  海正药业,600267,  海正药业,  2000-07-25,96553.18,96553.18,  
600268,  国电南自,600268,  国电南自,  1999-11-18,63524.64,63524.64,  
600269,  赣粤高速,600269,  赣粤高速,  2000-05-18,233540.7,233540.7,  
600270,  外运发展,600270,  外运发展,  2000-12-28,90548.17,90548.17,  
600271,  航天信息,600271,  航天信息,  2003-07-11,186285.12,184681.13,  
600272,  开开实业,600272,  开开实业,  1997-01-08,24300,24000,  
600273,  嘉化能源,600273,  嘉化能源,  2003-06-27,130628.53,57999.84,  
600275,  武昌鱼,600275,  武昌鱼,  2000-08-10,50883.72,50883.72,  
600276,  恒瑞医药,600276,  恒瑞医药,  2000-10-18,234745.97,234357.04,  
600277,  亿利洁能,600277,  亿利洁能,  2000-07-25,273894.01,208958.95,  
600278,  东方创业,600278,  东方创业,  2000-07-12,52224.17,52224.17,  
600279,  重庆港九,600279,  重庆港九,  2000-07-31,69295.86,69295.86,  
600280,  中央商场,600280,  中央商场,  2000-09-26,114833.49,114833.49,  
600281,  太化股份,600281,  太化股份,  2000-11-09,51440.2,51440.2,  
600282,  南钢股份,600282,  南钢股份,  2000-09-19,396207.25,387575.25,  
600283,  钱江水利,600283,  钱江水利,  2000-10-18,35299.58,33591.61,  
600284,  浦东建设,600284,  浦东建设,  2004-03-16,69304,69304,  
600285,  羚锐制药,600285,  羚锐制药,  2000-10-18,59232.08,53543.46,  
600287,  江苏舜天,600287,  江苏舜天,  2000-09-01,43679.61,43679.61,  
600288,  大恒科技,600288,  大恒科技,  2000-11-29,43680,43680,  
600289,  亿阳信通,600289,  亿阳信通,  2000-07-20,63105.21,56592.27,  
600290,  华仪电气,600290,  华仪电气,  2000-11-06,75990.35,52688.37,  
600291,  西水股份,600291,  西水股份,  2000-07-31,109306.44,97889.08,  
600292,  远达环保,600292,  远达环保,  2000-11-01,78081.69,78081.69,  
600293,  三峡新材,600293,  三峡新材,  2000-09-19,77475.47,34450.26,  
600295,  鄂尔多斯,600295,  鄂尔多斯,  1995-10-20,103200,103200,  
600297,  广汇汽车,600297,  广汇汽车,  2000-11-16,550040.07,183982.86,  
600298,  安琪酵母,600298,  安琪酵母,  2000-08-18,82408.09,81071.93,  
600299,  安迪苏,600299,  安迪苏,  2000-04-20,268190.13,57455.94,  
600300,  维维股份,600300,  维维股份,  2000-06-30,167200,167200,  
600301,  *ST南化,600301,  *ST南化,  2000-07-12,23514.81,23514.81,  
600302,  标准股份,600302,  标准股份,  2000-12-13,34600.98,34600.98,  
600303,  曙光股份,600303,  曙光股份,  2000-12-26,67560.42,57450.6,  
600305,  恒顺醋业,600305,  恒顺醋业,  2001-02-06,60273.8,60273.8,  
600306,  *ST商城,600306,  *ST商城,  2000-12-26,17813.89,17740.57,  
600307,  酒钢宏兴,600307,  酒钢宏兴,  2000-12-20,626335.74,626335.74,  
600308,  华泰股份,600308,  华泰股份,  2000-09-28,116756.14,116756.14,  
600309,  万华化学,600309,  万华化学,  2000-01-05,227834.4,216233.47,  
600310,  桂东电力,600310,  桂东电力,  2001-02-28,82777.5,82777.5,  
600311,  荣华实业,600311,  荣华实业,  2001-06-26,66560,66560,  
600312,  平高电气,600312,  平高电气,  2001-02-21,135692.13,81896.62,  
600313,  农发种业,600313,  农发种业,  2001-01-19,108219.87,99359.65,  
600315,  上海家化,600315,  上海家化,  2001-03-15,67341.65,67123.05,  
600316,  洪都航空,600316,  洪都航空,  2000-12-15,71711.45,71711.45,  
600317,  营口港,600317,  营口港,  2002-01-31,647298.3,647298.3,  
600318,  新力金融,600318,  新力金融,  2000-12-08,24200,24200,  
600319,  亚星化学,600319,  亚星化学,  2001-03-26,31559.4,31559.4,  
600320,  振华重工,600320,  振华重工,  2000-12-21,439029.46,439029.46,  
600321,  国栋建设,600321,  国栋建设,  2001-05-24,151055,118088,  
600322,  天房发展,600322,  天房发展,  2001-09-10,110570,110570,  
600323,  瀚蓝环境,600323,  瀚蓝环境,  2000-12-25,76626.4,62871,  
600325,  华发股份,600325,  华发股份,  2004-02-25,116904.56,81704.56,  
600326,  西藏天路,600326,  西藏天路,  2001-01-16,66568.04,66568.04,  
600327,  大东方,600327,  大东方,  2002-06-25,56716.64,52171.18,  
600328,  兰太实业,600328,  兰太实业,  2000-12-22,43803.11,43803.11,  
600329,  中新药业,600329,  中新药业,  2001-06-06,76887.31,76576.81,  
600330,  天通股份,600330,  天通股份,  2001-01-18,83047.14,75997.14,  
600331,  宏达股份,600331,  宏达股份,  2001-12-20,203200,103200,  
600332,  白云山,600332,  白云山,  2001-02-06,162579.09,129107.93,  
600333,  长春燃气,600333,  长春燃气,  2000-12-11,52961.98,52961.98,  
600335,  国机汽车,600335,  国机汽车,  2001-03-05,102973.68,86213.99,  
600336,  澳柯玛,600336,  澳柯玛,  2000-12-29,77675.33,68007.2,  
600337,  美克家居,600337,  美克家居,  2000-11-27,64496.02,64496.02,  
600338,  西藏珠峰,600338,  西藏珠峰,  2000-12-27,65300.73,15833.33,  
600339,  *ST油工,600339,  *ST油工,  2000-12-25,558314.75,57815.47,  
600340,  华夏幸福,600340,  华夏幸福,  2003-12-30,295494.67,295494.67,  
600343,  航天动力,600343,  航天动力,  2003-04-08,63820.63,63820.63,  
600345,  长江通信,600345,  长江通信,  2000-12-22,19800,19800,  
600346,  恒力股份,600346,  恒力股份,  2001-08-20,282568.69,66778.68,  
600348,  阳泉煤业,600348,  阳泉煤业,  2003-08-21,240500,240500,  
600350,  山东高速,600350,  山东高速,  2002-03-18,481116.59,481116.59,  
600351,  亚宝药业,600351,  亚宝药业,  2002-09-26,78704.15,69200,  
600352,  浙江龙盛,600352,  浙江龙盛,  2003-08-01,325333.19,305993.19,  
600353,  旭光股份,600353,  旭光股份,  2002-11-20,54372,54372,  
600354,  敦煌种业,600354,  敦煌种业,  2004-01-15,52780.21,44780.21,  
600355,  精伦电子,600355,  精伦电子,  2002-06-13,49208.92,49208.92,  
600356,  恒丰纸业,600356,  恒丰纸业,  2001-04-19,29873.14,29873.14,  
600358,  国旅联合,600358,  国旅联合,  2000-09-22,50493.67,43200,  
600359,  新农开发,600359,  新农开发,  1999-04-29,38151.28,38151.28,  
600360,  华微电子,600360,  华微电子,  2001-03-16,73808,73808,  
600361,  华联综超,600361,  华联综超,  2001-11-29,66580.79,66580.79,  
600362,  江西铜业,600362,  江西铜业,  2002-01-11,346272.94,346272.94,  
600363,  联创光电,600363,  联创光电,  2001-03-29,44347.68,44347.68,  
600365,  通葡股份,600365,  通葡股份,  2001-01-15,40000,40000,  
600366,  宁波韵升,600366,  宁波韵升,  2000-10-30,55748.69,52898.7,  
600367,  红星发展,600367,  红星发展,  2001-03-20,29120,29120,  
600368,  五洲交通,600368,  五洲交通,  2000-12-21,83380.15,83380.15,  
600369,  西南证券,600369,  西南证券,  2001-01-09,564510.91,564510.91,  
600370,  三房巷,600370,  三房巷,  2003-03-06,79724.42,79724.42,  
600371,  万向德农,600371,  万向德农,  2002-09-16,22506,22506,  
600372,  中航电子,600372,  中航电子,  2001-07-06,175916.29,175916.29,  
600373,  中文传媒,600373,  中文传媒,  2002-03-04,137794,128207.2,  
600375,  *ST星马,600375,  *ST星马,  2003-04-01,55574.06,55574.06,  
600376,  首开股份,600376,  首开股份,  2001-03-12,257956.52,224201.25,  
600377,  宁沪高速,600377,  宁沪高速,  2001-01-16,503774.75,501998.14,  
600378,  天科股份,600378,  天科股份,  2001-01-11,29719.33,29719.33,  
600379,  宝光股份,600379,  宝光股份,  2002-01-16,23585.83,23585.83,  
600380,  健康元,600380,  健康元,  2001-06-08,158590.13,156222.53,  
600381,  青海春天,600381,  青海春天,  2001-05-08,68561.15,20581.02,  
600382,  广东明珠,600382,  广东明珠,  2001-01-18,46682.47,34174.66,  
600383,  金地集团,600383,  金地集团,  2001-04-12,451363.18,451363.18,  
600385,  山东金泰,600385,  山东金泰,  2001-07-23,14810.71,14277.38,  
600386,  北巴传媒,600386,  北巴传媒,  2001-02-16,40320,40320,  
600387,  海越股份,600387,  海越股份,  2004-02-18,38610,38571,  
600388,  龙净环保,600388,  龙净环保,  2000-12-29,106905,106905,  
600389,  江山股份,600389,  江山股份,  2001-01-10,29700,29700,  
600390,  *ST金瑞,600390,  *ST金瑞,  2001-01-15,374838.79,45125.64,  
600391,  成发科技,600391,  成发科技,  2001-12-12,33012.94,33012.94,  
600392,  盛和资源,600392,  盛和资源,  2003-05-29,94103.94,94103.94,  
600393,  粤泰股份,600393,  粤泰股份,  2001-03-19,126812.39,29950.5,  
600395,  盘江股份,600395,  盘江股份,  2001-05-31,165505.19,165505.19,  
600396,  金山股份,600396,  金山股份,  2001-03-28,147270.68,116464.52,  
600397,  安源煤业,600397,  安源煤业,  2002-07-02,98995.99,98995.99,  
600398,  海澜之家,600398,  海澜之家,  2000-12-28,449275.79,153121.95,  
600399,  抚顺特钢,600399,  抚顺特钢,  2000-12-29,130000,112962.28,  
600400,  红豆股份,600400,  红豆股份,  2001-01-08,164497.2,112079.93,  
600401,  海润光伏,600401,  海润光伏,  2003-09-24,472493.52,472493.52,  
600403,  大有能源,600403,  大有能源,  2003-10-09,239081.24,239081.24,  
600405,  动力源,600405,  动力源,  2004-04-01,43876.78,42944.28,  
600406,  国电南瑞,600406,  国电南瑞,  2003-10-16,242895.34,220575.36,  
600408,  安泰集团,600408,  安泰集团,  2003-02-12,100680,100680,  
600409,  三友化工,600409,  三友化工,  2003-06-18,185038.55,185038.55,  
600410,  华胜天成,600410,  华胜天成,  2004-04-27,110448.42,89242.37,  
600415,  小商品城,600415,  小商品城,  2002-05-09,544321.42,544321.42,  
600416,  湘电股份,600416,  湘电股份,  2002-07-18,94583.43,70292.9,  
600418,  江淮汽车,600418,  江淮汽车,  2001-08-24,189331.21,101735.81,  
600419,  天润乳业,600419,  天润乳业,  2001-06-28,10355.72,8949.9,  
600420,  现代制药,600420,  现代制药,  2004-06-16,28773.34,28773.34,  
600421,  仰帆控股,600421,  仰帆控股,  2004-06-07,19560,19560,  
600422,  昆药集团,600422,  昆药集团,  2000-12-06,78868.86,68089.94,  
600423,  柳化股份,600423,  柳化股份,  2003-07-17,39934.75,39934.75,  
600425,  青松建化,600425,  青松建化,  2003-07-24,137879.01,137879.01,  
600426,  华鲁恒升,600426,  华鲁恒升,  2002-06-20,124652.45,123971.25,  
600428,  中远海特,600428,  中远海特,  2002-04-18,214665.08,169044.64,  
600429,  三元股份,600429,  三元股份,  2003-09-15,149755.74,88500,  
600432,  *ST吉恩,600432,  *ST吉恩,  2003-09-05,160372.39,81112.15,  
600433,  冠豪高新,600433,  冠豪高新,  2003-06-19,127131.54,119028,  
600435,  北方导航,600435,  北方导航,  2003-07-04,148932,148932,  
600436,  片仔癀,600436,  片仔癀,  2003-06-16,60331.72,60331.72,  
600438,  通威股份,600438,  通威股份,  2004-03-02,388237.22,193387.98,  
600439,  瑞贝卡,600439,  瑞贝卡,  2003-07-10,94332.12,94332.12,  
600444,  国机通用,600444,  国机通用,  2004-02-19,14642.19,10500,  
600446,  金证股份,600446,  金证股份,  2003-12-24,83500.95,80140.95,  
600448,  华纺股份,600448,  华纺股份,  2001-09-03,42236.41,39939.37,  
600449,  宁夏建材,600449,  宁夏建材,  2003-08-29,47818.1,47818.1,  
600452,  涪陵电力,600452,  涪陵电力,  2004-03-03,16000,16000,  
600455,  博通股份,600455,  博通股份,  2004-03-29,6245.8,4971.78,  
600456,  宝钛股份,600456,  宝钛股份,  2002-04-12,43026.57,43026.57,  
600458,  时代新材,600458,  时代新材,  2002-12-19,80279.82,66142.21,  
600459,  贵研铂业,600459,  贵研铂业,  2003-05-16,26097.77,26097.77,  
600460,  士兰微,600460,  士兰微,  2003-03-11,124716.8,124716.8,  
600461,  洪城水业,600461,  洪城水业,  2004-06-01,78959.36,59400,  
600462,  九有股份,600462,  九有股份,  2003-09-03,53378,53378,  
600463,  空港股份,600463,  空港股份,  2004-03-18,30000,25200,  
600466,  蓝光发展,600466,  蓝光发展,  2001-02-12,213773.01,88255.41,  
600467,  好当家,600467,  好当家,  2004-04-05,146099.43,146099.43,  
600468,  百利电气,600468,  百利电气,  2001-06-15,54074.23,53228.73,  
600469,  风神股份,600469,  风神股份,  2003-10-21,56241.32,56241.32,  
600470,  六国化工,600470,  六国化工,  2004-03-05,52160,52160,  
600475,  华光股份,600475,  华光股份,  2003-07-21,25600,25600,  
600476,  湘邮科技,600476,  湘邮科技,  2003-12-10,16107,16107,  
600477,  杭萧钢构,600477,  杭萧钢构,  2003-11-10,105714.94,80253.07,  
600478,  科力远,600478,  科力远,  2003-09-18,139107.03,127503.5,  
600479,  千金药业,600479,  千金药业,  2004-03-12,34875.59,30481.92,  
600480,  凌云股份,600480,  凌云股份,  2003-08-15,45093.42,36171.48,  
600481,  双良节能,600481,  双良节能,  2003-04-22,162049.58,162049.58,  
600482,  中国动力,600482,  中国动力,  2004-07-14,173919.09,52434.2,  
600483,  福能股份,600483,  福能股份,  2004-05-31,155182.56,28848.37,  
600485,  信威集团,600485,  信威集团,  2003-08-07,292374.28,163144.32,  
600486,  扬农化工,600486,  扬农化工,  2002-04-25,30989.89,30989.89,  
600487,  亨通光电,600487,  亨通光电,  2003-08-22,124126.91,115126.91,  
600488,  天药股份,600488,  天药股份,  2001-06-18,96085.5,96085.5,  
600489,  中金黄金,600489,  中金黄金,  2003-08-14,345113.72,345113.72,  
600490,  鹏欣资源,600490,  鹏欣资源,  2003-06-26,168018.34,147900,  
600491,  龙元建设,600491,  龙元建设,  2004-05-24,126210,94760,  
600493,  凤竹纺织,600493,  凤竹纺织,  2004-04-21,27200,27200,  
600495,  晋西车轴,600495,  晋西车轴,  2004-05-26,120819.09,120819.09,  
600496,  精工钢构,600496,  精工钢构,  2002-06-05,151044.52,151044.52,  
600497,  驰宏锌锗,600497,  驰宏锌锗,  2004-04-20,430989.82,333512.18,  
600498,  烽火通信,600498,  烽火通信,  2001-08-23,104627.3,99568.73,  
600499,  科达洁能,600499,  科达洁能,  2002-10-10,141146.43,137747.34,  
600500,  中化国际,600500,  中化国际,  2000-03-01,208301.27,172312.47,  
600501,  航天晨光,600501,  航天晨光,  2001-06-15,42128.36,40688.36,  
600502,  安徽水利,600502,  安徽水利,  2003-04-15,90424.72,90424.72,  
600503,  华丽家族,600503,  华丽家族,  2002-07-09,160229,156269.07,  
600505,  西昌电力,600505,  西昌电力,  2002-05-30,36456.75,36456.75,  
600506,  香梨股份,600506,  香梨股份,  2001-12-26,14770.69,14770.69,  
600507,  方大特钢,600507,  方大特钢,  2003-09-30,132609.3,132609.3,  
600508,  上海能源,600508,  上海能源,  2001-08-29,72271.8,72271.8,  
600509,  天富能源,600509,  天富能源,  2002-02-28,90569.66,90569.66,  
600510,  黑牡丹,600510,  黑牡丹,  2002-06-18,104709.5,79552.27,  
600511,  国药股份,600511,  国药股份,  2002-11-27,47880,27764.34,  
600512,  腾达建设,600512,  腾达建设,  2002-12-26,159890.28,97080.55,  
600513,  联环药业,600513,  联环药业,  2003-03-19,21958.17,21958.17,  
600515,  海航基础,600515,  海航基础,  2002-08-06,390759.25,42277.41,  
600516,  方大炭素,600516,  方大炭素,  2002-08-30,171916.04,171916.04,  
600517,  置信电气,600517,  置信电气,  2003-10-10,135616.78,124452.23,  
600518,  康美药业,600518,  康美药业,  2001-03-19,494722.37,439742.9,  
600519,  贵州茅台,600519,  贵州茅台,  2001-08-27,125619.78,125619.78,  
600520,  *ST中发,600520,  *ST中发,  2002-01-08,15843,15389,  
600521,  华海药业,600521,  华海药业,  2003-03-04,104256.04,102433.44,  
600522,  中天科技,600522,  中天科技,  2002-10-24,306607.25,227584.41,  
600523,  贵航股份,600523,  贵航股份,  2001-12-27,28879.38,28860.33,  
600525,  长园集团,600525,  长园集团,  2002-12-02,131731.14,111247.98,  
600526,  菲达环保,600526,  菲达环保,  2002-07-22,54740.47,40688.95,  
600527,  江南高纤,600527,  江南高纤,  2003-11-27,80208.94,80208.94,  
600528,  中铁二局,600528,  中铁二局,  2001-05-28,184300.27,145920,  
600529,  山东药玻,600529,  山东药玻,  2002-06-03,30355.5,25738.01,  
600530,  交大昂立,600530,  交大昂立,  2001-07-02,78000,78000,  
600531,  豫光金铅,600531,  豫光金铅,  2002-07-30,109024.26,88575.23,  
600532,  宏达矿业,600532,  宏达矿业,  2002-10-31,51606.57,39623.44,  
600533,  栖霞建设,600533,  栖霞建设,  2002-03-28,105000,105000,  
600535,  天士力,600535,  天士力,  2002-08-23,108047.59,103284.27,  
600536,  中国软件,600536,  中国软件,  2002-05-17,49456.28,49456.28,  
600537,  亿晶光电,600537,  亿晶光电,  2003-01-23,117635.93,117635.93,  
600538,  国发股份,600538,  国发股份,  2003-01-14,46440.12,27921.6,  
600539,  ST狮头,600539,  ST狮头,  2001-08-24,23000,23000,  
600540,  新赛股份,600540,  新赛股份,  2004-01-07,47092.33,46312.33,  
600543,  莫高股份,600543,  莫高股份,  2004-03-24,32112,32112,  
600545,  新疆城建,600545,  新疆城建,  2003-12-03,67578.58,67578.58,  
600546,  *ST山煤,600546,  *ST山煤,  2003-07-31,198245.61,198245.61,  
600547,  山东黄金,600547,  山东黄金,  2003-08-28,185711.88,142307.24,  
600548,  深高速,600548,  深高速,  2001-12-25,218077.03,218077.03,  
600549,  厦门钨业,600549,  厦门钨业,  2002-11-07,108157.4,88657.4,  
600550,  保变电气,600550,  保变电气,  2001-02-28,153460.71,137299.09,  
600551,  时代出版,600551,  时代出版,  2002-09-05,50582.53,50582.53,  
600552,  凯盛科技,600552,  凯盛科技,  2002-11-08,38352.48,37044.7,  
600555,  海航创新,600555,  海航创新,  2001-03-28,130350,130350,  
600556,  ST慧球,600556,  ST慧球,  2001-08-07,39479.37,39479.37,  
600557,  康缘药业,600557,  康缘药业,  2002-09-18,61644.91,44223.42,  
600558,  大西洋,600558,  大西洋,  2001-02-27,89760.48,82872.46,  
600559,  老白干酒,600559,  老白干酒,  2002-10-29,43806.02,35000,  
600560,  金自天正,600560,  金自天正,  2002-09-19,22364.55,22364.55,  
600561,  江西长运,600561,  江西长运,  2002-07-16,23706.4,23706.4,  
600562,  国睿科技,600562,  国睿科技,  2003-01-28,47873.13,32764.59,  
600563,  法拉电子,600563,  法拉电子,  2002-12-10,22500,22500,  
600565,  迪马股份,600565,  迪马股份,  2002-07-23,241886,147220.26,  
600566,  济川药业,600566,  济川药业,  2001-08-22,80962.4,78145.47,  
600567,  山鹰纸业,600567,  山鹰纸业,  2001-12-18,455125.33,376693.96,  
600568,  中珠医疗,600568,  中珠医疗,  2001-05-18,71173.92,55891.01,  
600569,  安阳钢铁,600569,  安阳钢铁,  2001-08-20,239368.45,239368.45,  
600570,  恒生电子,600570,  恒生电子,  2003-12-16,61780.52,61780.52,  
600571,  信雅达,600571,  信雅达,  2002-11-01,43967.92,41987.21,  
600572,  康恩贝,600572,  康恩贝,  2004-04-12,251073,205773.81,  
600573,  惠泉啤酒,600573,  惠泉啤酒,  2003-02-26,25000,25000,  
600575,  皖江物流,600575,  皖江物流,  2003-03-28,390811.02,142320,  
600576,  万家文化,600576,  万家文化,  2003-02-20,63496.86,47980.48,  
600577,  精达股份,600577,  精达股份,  2002-09-11,195532.42,141913.12,  
600578,  京能电力,600578,  京能电力,  2002-05-10,461732.1,461732.1,  
600579,  天华院,600579,  天华院,  2002-08-09,41063.6,37088.16,  
600580,  卧龙电气,600580,  卧龙电气,  2002-06-06,128889.96,111052.72,  
600581,  *ST八钢,600581,  *ST八钢,  2002-08-16,76644.89,76644.89,  
600582,  天地科技,600582,  天地科技,  2002-05-15,413858.89,277433.61,  
600583,  海油工程,600583,  海油工程,  2002-02-05,442135.48,442135.48,  
600584,  长电科技,600584,  长电科技,  2003-06-03,103591.48,98457,  
600585,  海螺水泥,600585,  海螺水泥,  2002-02-07,529930.26,529930.26,  
600586,  金晶科技,600586,  金晶科技,  2002-08-15,145889.24,142270.74,  
600587,  新华医疗,600587,  新华医疗,  2002-09-27,40642.81,40346.67,  
600588,  用友网络,600588,  用友网络,  2001-05-18,146429.34,146036.6,  
600589,  广东榕泰,600589,  广东榕泰,  2001-06-12,70530.58,60173,  
600590,  泰豪科技,600590,  泰豪科技,  2002-07-03,66696.06,51614.45,  
600592,  龙溪股份,600592,  龙溪股份,  2002-08-05,39955.36,39955.36,  
600593,  大连圣亚,600593,  大连圣亚,  2002-07-11,9200,9200,  
600594,  益佰制药,600594,  益佰制药,  2004-03-23,79192.74,79192.74,  
600595,  中孚实业,600595,  中孚实业,  2002-06-26,174154.04,174154.04,  
600596,  新安股份,600596,  新安股份,  2001-09-06,67918.46,67918.46,  
600597,  光明乳业,600597,  光明乳业,  2002-08-28,123063.67,122430.2,  
600598,  北大荒,600598,  北大荒,  2002-03-29,177767.99,177767.99,  
600599,  熊猫金控,600599,  熊猫金控,  2001-08-28,16600,16600,  
600600,  青岛啤酒,600600,  青岛啤酒,  1993-08-27,135098.28,135098.28,  
600601,  方正科技,600601,  方正科技,  1990-12-19,219489.12,219489.12,  
600602,  云赛智联,600602,  云赛智联,  1990-12-19,132683.51,117294.31,  
600603,  *ST兴业,600603,  *ST兴业,  1992-01-13,52375.58,19464.19,  
600604,  市北高新,600604,  市北高新,  1992-03-27,93665.24,61446.97,  
600605,  汇通能源,600605,  汇通能源,  1992-03-27,14734.46,14734.46,  
600606,  绿地控股,600606,  绿地控股,  1992-03-27,1216815.44,322336.83,  
600608,  上海科技,600608,  上海科技,  1992-03-27,32886.14,31837.14,  
600609,  金杯汽车,600609,  金杯汽车,  1992-07-24,109266.71,109266.71,  
600610,  中毅达,600610,  中毅达,  1992-08-05,107127.46,73593.46,  
600611,  大众交通,600611,  大众交通,  1992-08-07,236412.29,236412.29,  
600612,  老凤祥,600612,  老凤祥,  1992-08-14,52311.78,52311.78,  
600613,  神奇制药,600613,  神奇制药,  1992-08-20,53407.16,53407.16,  
600614,  鹏起科技,600614,  鹏起科技,  1992-08-28,175277.38,142084.33,  
600615,  丰华股份,600615,  丰华股份,  1992-09-10,18802.05,18762.45,  
600616,  金枫酒业,600616,  金枫酒业,  1992-09-29,51461.92,48803.76,  
600617,  国新能源,600617,  国新能源,  1992-10-13,108466.37,100816.37,  
600618,  氯碱化工,600618,  氯碱化工,  1992-11-13,115640,115640,  
600619,  海立股份,600619,  海立股份,  1992-11-13,86631.07,74474.02,  
600620,  天宸股份,600620,  天宸股份,  1992-11-17,68667.71,68667.71,  
600621,  华鑫股份,600621,  华鑫股份,  1992-12-02,52408.24,52408.24,  
600622,  嘉宝集团,600622,  嘉宝集团,  1992-12-03,68260.6,51430.38,  
600623,  华谊集团,600623,  华谊集团,  1992-12-04,211743.09,117664.59,  
600624,  复旦复华,600624,  复旦复华,  1993-01-05,68471.2,58331.2,  
600626,  申达股份,600626,  申达股份,  1993-01-07,71024.28,71024.28,  
600628,  新世界,600628,  新世界,  1993-01-09,64687.54,53179.93,  
600629,  华建集团,600629,  华建集团,  1993-02-09,35906.02,34799.98,  
600630,  龙头股份,600630,  龙头股份,  1993-02-09,42486.16,42486.16,  
600633,  浙报传媒,600633,  浙报传媒,  1993-03-04,130192.4,118828.76,  
600634,  中技控股,600634,  中技控股,  1993-03-04,57573.21,57573.21,  
600635,  大众公用,600635,  大众公用,  1993-03-04,295243.47,295243.47,  
600636,  三爱富,600636,  三爱富,  1993-03-16,44694.19,42613.17,  
600637,  东方明珠,600637,  东方明珠,  1993-03-16,264173.52,217989.83,  
600638,  新黄浦,600638,  新黄浦,  1993-03-26,56116.4,56116.4,  
600639,  浦东金桥,600639,  浦东金桥,  1993-03-26,112241.29,97534.25,  
600640,  号百控股,600640,  号百控股,  1993-04-07,53536.45,53536.45,  
600641,  万业企业,600641,  万业企业,  1993-04-07,80615.87,80615.87,  
600642,  申能股份,600642,  申能股份,  1993-04-16,455203.83,455203.83,  
600643,  爱建集团,600643,  爱建集团,  1993-04-26,143713.98,143402.79,  
600644,  乐山电力,600644,  乐山电力,  1993-04-26,53840.07,32648.01,  
600645,  中源协和,600645,  中源协和,  1993-05-04,38609.13,35446.14,  
600647,  同达创业,600647,  同达创业,  1993-05-04,13914.36,13914.36,  
600648,  外高桥,600648,  外高桥,  1993-05-04,113534.91,113534.91,  
600649,  城投控股,600649,  城投控股,  1993-05-18,323211.95,309312.35,  
600650,  锦江投资,600650,  锦江投资,  1993-06-07,55161.01,55161.01,  
600651,  飞乐音响,600651,  飞乐音响,  1986-09-26,99193.69,76862.19,  
600652,  游久游戏,600652,  游久游戏,  1990-12-19,83270.35,64379.36,  
600653,  申华控股,600653,  申华控股,  1990-12-19,194638.03,174638.03,  
600654,  中安消,600654,  中安消,  1990-12-19,128302.1,75504.32,  
600655,  豫园商城,600655,  豫园商城,  1992-09-02,143732.2,143732.2,  
600657,  信达地产,600657,  信达地产,  1993-05-24,152426.04,152426.04,  
600658,  电子城,600658,  电子城,  1993-05-24,79898.93,58009.74,  
600660,  福耀玻璃,600660,  福耀玻璃,  1993-06-10,250861.75,250861.75,  
600661,  新南洋,600661,  新南洋,  1993-06-14,25907.65,18140.01,  
600662,  强生控股,600662,  强生控股,  1993-06-14,105336.22,105336.22,  
600663,  陆家嘴,600663,  陆家嘴,  1993-06-28,336183.12,336183.12,  
600664,  哈药股份,600664,  哈药股份,  1993-06-29,254124.33,249272.83,  
600665,  天地源,600665,  天地源,  1993-07-09,86412.25,86412.25,  
600666,  奥瑞德,600666,  奥瑞德,  1993-07-12,76707.89,49669.84,  
600667,  太极实业,600667,  太极实业,  1993-07-28,210619.02,119127.43,  
600668,  尖峰集团,600668,  尖峰集团,  1993-07-28,34408.38,34408.38,  
600671,  天目药业,600671,  天目药业,  1993-08-23,12177.89,12172.05,  
600673,  东阳光科,600673,  东阳光科,  1993-09-17,246887.39,245741.62,  
600674,  川投能源,600674,  川投能源,  1993-09-24,440214.05,440214.05,  
600675,  *ST中企,600675,  *ST中企,  1993-09-24,186705.94,186705.94,  
600676,  交运股份,600676,  交运股份,  1993-09-28,102849.29,86237.39,  
600677,  航天通信,600677,  航天通信,  1993-09-28,52179.17,41642.81,  
600678,  四川金顶,600678,  四川金顶,  1993-10-08,34899,34899,  
600679,  上海凤凰,600679,  上海凤凰,  1993-10-08,40219.89,35823.96,  
600680,  上海普天,600680,  上海普天,  1993-10-18,38222.53,38222.53,  
600681,  百川能源,600681,  百川能源,  1993-10-18,96415.75,24933.41,  
600682,  南京新百,600682,  南京新百,  1993-10-18,110131.02,72583.89,  
600683,  京投发展,600683,  京投发展,  1993-10-25,74077.76,74077.76,  
600684,  珠江实业,600684,  珠江实业,  1993-10-28,71121.73,71121.73,  
600685,  中船防务,600685,  中船防务,  1993-10-28,141350.64,114140.71,  
600686,  金龙汽车,600686,  金龙汽车,  1993-11-08,60673.85,44259.71,  
600687,  刚泰控股,600687,  刚泰控股,  1993-11-08,148871.53,107853.94,  
600688,  上海石化,600688,  上海石化,  1993-11-08,1080000,1080000,  
600689,  上海三毛,600689,  上海三毛,  1993-11-08,20099.13,20099.13,  
600690,  青岛海尔,600690,  青岛海尔,  1993-11-19,609763.07,549141.67,  
600691,  阳煤化工,600691,  阳煤化工,  1993-11-19,175678.69,175639.09,  
600692,  亚通股份,600692,  亚通股份,  1993-11-19,35176.41,25501.05,  
600693,  东百集团,600693,  东百集团,  1993-11-22,89822.91,68546.36,  
600694,  大商股份,600694,  大商股份,  1993-11-22,29371.87,29371.87,  
600695,  绿庭投资,600695,  绿庭投资,  1993-11-22,71113.21,71113.21,  
600696,  匹凸匹,600696,  匹凸匹,  1993-12-06,34056.56,34056.56,  
600697,  欧亚集团,600697,  欧亚集团,  1993-12-06,15908.81,15515.6,  
600698,  湖南天雁,600698,  湖南天雁,  1993-12-06,97181.74,66123.37,  
600699,  均胜电子,600699,  均胜电子,  1993-12-06,94928.9,68936.98,  
600701,  工大高新,600701,  工大高新,  1996-05-28,103473.52,49878.19,  
600702,  沱牌舍得,600702,  沱牌舍得,  1996-05-24,33730,33730,  
600703,  三安光电,600703,  三安光电,  1996-05-28,407842.49,407842.49,  
600704,  物产中大,600704,  物产中大,  1996-06-06,287112.16,89179.69,  
600705,  中航资本,600705,  中航资本,  1996-05-16,897632.58,761855.11,  
600706,  曲江文旅,600706,  曲江文旅,  1996-05-16,17950.97,17790.87,  
600707,  彩虹股份,600707,  彩虹股份,  1996-05-20,73675.77,73603.77,  
600708,  光明地产,600708,  光明地产,  1996-06-06,131872,75088.92,  
600711,  盛屯矿业,600711,  盛屯矿业,  1996-05-31,149705.23,145674.73,  
600712,  南宁百货,600712,  南宁百货,  1996-06-26,54465.54,53795.95,  
600713,  南京医药,600713,  南京医药,  1996-07-01,89742.56,69358.07,  
600714,  金瑞矿业,600714,  金瑞矿业,  1996-06-06,28817.63,28203.96,  
600715,  文投控股,600715,  文投控股,  1996-07-01,164912.9,44851.2,  
600716,  凤凰股份,600716,  凤凰股份,  1996-07-02,93606.06,91022.08,  
600717,  天津港,600717,  天津港,  1996-06-14,167476.91,167476.91,  
600718,  东软集团,600718,  东软集团,  1996-06-18,124319.77,123197.78,  
600719,  大连热电,600719,  大连热电,  1996-07-16,40459.96,40459.96,  
600720,  祁连山,600720,  祁连山,  1996-07-16,77629.03,77616.27,  
600721,  *ST百花,600721,  *ST百花,  1996-06-26,40038.64,24852.43,  
600722,  金牛化工,600722,  金牛化工,  1996-06-26,68031.97,68031.97,  
600723,  首商股份,600723,  首商股份,  1996-07-16,65840.76,65806.96,  
600724,  宁波富达,600724,  宁波富达,  1996-07-16,144524.11,144494.27,  
600725,  *ST云维,600725,  *ST云维,  1996-07-02,123247,123247,  
600726,  华电能源,600726,  华电能源,  1996-07-01,196667.52,196667.52,  
600727,  鲁北化工,600727,  鲁北化工,  1996-07-02,35098.66,35092.66,  
600728,  佳都科技,600728,  佳都科技,  1996-07-16,159884.49,132877.9,  
600729,  重庆百货,600729,  重庆百货,  1996-07-02,40652.85,40642.65,  
600730,  中国高科,600730,  中国高科,  1996-07-26,58665.6,58665.6,  
600731,  湖南海利,600731,  湖南海利,  1996-08-02,32731.41,32665.31,  
600733,  S前锋,600733,  S前锋,  1996-08-16,19758.6,7560,  
600734,  实达集团,600734,  实达集团,  1996-08-08,62351.58,35110.84,  
600735,  新华锦,600735,  新华锦,  1996-07-26,37599.23,37599.23,  
600736,  苏州高新,600736,  苏州高新,  1996-08-15,119429.29,113895.09,  
600737,  中粮糖业,600737,  中粮糖业,  1996-07-31,205187.62,132266.35,  
600738,  兰州民百,600738,  兰州民百,  1996-08-02,36886.76,36819.86,  
600739,  辽宁成大,600739,  辽宁成大,  1996-08-19,152970.98,136470.98,  
600740,  山西焦化,600740,  山西焦化,  1996-08-08,76570,65683.28,  
600741,  华域汽车,600741,  华域汽车,  1996-08-26,315272.4,286650.91,  
600742,  一汽富维,600742,  一汽富维,  1996-08-26,42304.68,42304.68,  
600743,  华远地产,600743,  华远地产,  1996-09-09,234610.09,234610.09,  
600744,  华银电力,600744,  华银电力,  1996-09-05,178112.43,82763.44,  
600745,  中茵股份,600745,  中茵股份,  1996-08-28,48332.04,48332.04,  
600746,  江苏索普,600746,  江苏索普,  1996-09-18,30642.15,30466.09,  
600747,  大连控股,600747,  大连控股,  1996-09-16,146432.84,106432.84,  
600748,  上实发展,600748,  上实发展,  1996-09-25,184456.29,140838.21,  
600749,  西藏旅游,600749,  西藏旅游,  1996-10-15,18913.79,18913.79,  
600750,  江中药业,600750,  江中药业,  1996-09-23,30000,30000,  
600751,  天海投资,600751,  天海投资,  1996-09-09,289933.78,229733.11,  
600753,  东方银星,600753,  东方银星,  1996-09-27,12800,12800,  
600754,  锦江股份,600754,  锦江股份,  1996-10-11,95793.64,60324.07,  
600755,  厦门国贸,600755,  厦门国贸,  1996-10-03,166450.76,166450.76,  
600756,  浪潮软件,600756,  浪潮软件,  1996-09-23,32409.88,32409.88,  
600757,  长江传媒,600757,  长江传媒,  1996-10-03,121365.03,121349.71,  
600758,  红阳能源,600758,  红阳能源,  1996-10-29,133140.89,56339.52,  
600759,  洲际油气,600759,  洲际油气,  1996-10-08,226350.75,158082.93,  
600760,  *ST黑豹,600760,  *ST黑豹,  1996-10-11,34494.51,34494.51,  
600761,  安徽合力,600761,  安徽合力,  1996-10-09,61681.73,61681.73,  
600763,  通策医疗,600763,  通策医疗,  1996-10-30,32064,32064,  
600764,  中电广通,600764,  中电广通,  1996-11-04,32972.7,32972.7,  
600765,  中航重机,600765,  中航重机,  1996-11-06,77800.32,77800.32,  
600766,  园城黄金,600766,  园城黄金,  1996-10-28,22422.68,22393.21,  
600767,  运盛医疗,600767,  运盛医疗,  1996-11-15,34101.02,34091.02,  
600768,  宁波富邦,600768,  宁波富邦,  1996-11-11,13374.72,13374.72,  
600769,  祥龙电业,600769,  祥龙电业,  1996-11-01,37497.72,37497.72,  
600770,  综艺股份,600770,  综艺股份,  1996-11-20,130000,110460,  
600771,  广誉远,600771,  广誉远,  1996-11-05,35311.13,24380.84,  
600773,  西藏城投,600773,  西藏城投,  1996-11-08,72921.37,72921.37,  
600774,  汉商集团,600774,  汉商集团,  1996-11-08,17457.54,17442.9,  
600775,  南京熊猫,600775,  南京熊猫,  1996-11-18,91383.85,91383.85,  
600776,  东方通信,600776,  东方通信,  1996-11-26,125600.01,125600.01,  
600777,  新潮能源,600777,  新潮能源,  1996-11-21,405123.66,237660.85,  
600778,  友好集团,600778,  友好集团,  1996-12-03,31149.14,31108.67,  
600779,  水井坊,600779,  水井坊,  1996-12-06,48854.57,48854.57,  
600780,  通宝能源,600780,  通宝能源,  1996-12-05,114650.25,114650.25,  
600781,  辅仁药业,600781,  辅仁药业,  1996-12-18,17759.29,17759.29,  
600782,  新钢股份,600782,  新钢股份,  1996-12-25,278689.62,278689.62,  
600783,  鲁信创投,600783,  鲁信创投,  1996-12-25,74435.93,74435.93,  
600784,  鲁银投资,600784,  鲁银投资,  1996-12-25,56817.78,49661.37,  
600785,  新华百货,600785,  新华百货,  1997-01-08,22563.13,20743.13,  
600787,  中储股份,600787,  中储股份,  1997-01-21,219980.1,185982.84,  
600789,  鲁抗医药,600789,  鲁抗医药,  1997-02-26,58157.55,58157.55,  
600790,  轻纺城,600790,  轻纺城,  1997-02-28,104699.35,104699.35,  
600791,  京能置业,600791,  京能置业,  1997-01-30,45288,45231.37,  
600792,  云煤能源,600792,  云煤能源,  1997-01-23,98992.36,98992.36,  
600793,  宜宾纸业,600793,  宜宾纸业,  1997-02-20,10530,10530,  
600794,  保税科技,600794,  保税科技,  1997-03-06,121215.22,110277.42,  
600795,  国电电力,600795,  国电电力,  1997-03-18,1965039.78,1965039.78,  
600796,  钱江生化,600796,  钱江生化,  1997-04-08,30140.21,30140.21,  
600797,  浙大网新,600797,  浙大网新,  1997-04-18,91404.33,83074.7,  
600798,  宁波海运,600798,  宁波海运,  1997-04-23,103085.09,103085.09,  
600800,  天津磁卡,600800,  天津磁卡,  1993-12-06,61127.1,61095.6,  
600801,  华新水泥,600801,  华新水泥,  1994-01-03,149757.13,149757.13,  
600802,  福建水泥,600802,  福建水泥,  1994-01-03,38187.37,38187.37,  
600803,  新奥股份,600803,  新奥股份,  1994-01-03,98578.5,98578.5,  
600804,  鹏博士,600804,  鹏博士,  1994-01-03,141406.18,138960.96,  
600805,  悦达投资,600805,  悦达投资,  1994-01-03,85089.45,84925.33,  
600806,  *ST昆机,600806,  *ST昆机,  1994-01-03,53108.11,53108.11,  
600807,  天业股份,600807,  天业股份,  1994-01-03,88463.47,64411.97,  
600808,  马钢股份,600808,  马钢股份,  1994-01-06,770068.12,770068.12,  
600809,  山西汾酒,600809,  山西汾酒,  1994-01-06,86584.83,86584.83,  
600810,  神马股份,600810,  神马股份,  1994-01-06,44228,44228,  
600811,  东方集团,600811,  东方集团,  1994-01-06,285736.62,166680.54,  
600812,  华北制药,600812,  华北制药,  1994-01-14,163080.47,137857.76,  
600814,  杭州解百,600814,  杭州解百,  1994-01-14,71502.68,31038.3,  
600815,  厦工股份,600815,  厦工股份,  1994-01-28,95897,95897,  
600816,  安信信托,600816,  安信信托,  1994-01-28,207164.32,113527.44,  
600817,  *ST宏盛,600817,  *ST宏盛,  1994-01-28,16091.01,15567.91,  
600818,  中路股份,600818,  中路股份,  1994-01-28,32144.79,32144.79,  
600819,  耀皮玻璃,600819,  耀皮玻璃,  1994-01-28,93491.61,93491.61,  
600820,  隧道股份,600820,  隧道股份,  1994-01-28,314409.61,314409.61,  
600821,  津劝业,600821,  津劝业,  1994-01-28,41626.82,41626.82,  
600822,  上海物贸,600822,  上海物贸,  1994-02-04,49597.29,49597.29,  
600823,  世茂股份,600823,  世茂股份,  1994-02-04,267940.59,267940.59,  
600824,  益民集团,600824,  益民集团,  1994-02-04,105402.71,105402.71,  
600825,  新华传媒,600825,  新华传媒,  1994-02-04,104488.79,104488.79,  
600826,  兰生股份,600826,  兰生股份,  1994-02-04,42064.23,42064.23,  
600827,  百联股份,600827,  百联股份,  1994-02-04,178416.81,172249.58,  
600828,  茂业商业,600828,  茂业商业,  1994-02-24,173198.25,56981.73,  
600829,  人民同泰,600829,  人民同泰,  1994-02-24,57988.86,57988.86,  
600830,  香溢融通,600830,  香溢融通,  1994-02-24,45432.27,45432.27,  
600831,  广电网络,600831,  广电网络,  1994-02-24,60496.77,56343.85,  
600833,  第一医药,600833,  第一医药,  1994-02-24,22308.63,22308.63,  
600834,  申通地铁,600834,  申通地铁,  1994-02-24,47738.19,47738.19,  
600835,  上海机电,600835,  上海机电,  1994-02-24,102273.93,102273.93,  
600836,  界龙实业,600836,  界龙实业,  1994-02-24,66275.31,65302.41,  
600837,  海通证券,600837,  海通证券,  1994-02-24,1150170,1150170,  
600838,  上海九百,600838,  上海九百,  1994-02-24,40088.2,40088.2,  
600839,  四川长虹,600839,  四川长虹,  1994-03-11,461624.42,460999.78,  
600841,  上柴股份,600841,  上柴股份,  1994-03-11,86668.98,86668.98,  
600843,  上工申贝,600843,  上工申贝,  1994-03-11,54858.96,54858.96,  
600844,  丹化科技,600844,  丹化科技,  1994-03-11,101652.42,77862.06,  
600845,  宝信软件,600845,  宝信软件,  1994-03-11,78324.92,72696.41,  
600846,  同济科技,600846,  同济科技,  1994-03-11,62476.15,62476.15,  
600847,  万里股份,600847,  万里股份,  1994-03-24,15328.74,15328.74,  
600848,  上海临港,600848,  上海临港,  1994-03-24,111991.93,50669.9,  
600850,  华东电脑,600850,  华东电脑,  1994-03-24,41980.74,41980.74,  
600851,  海欣股份,600851,  海欣股份,  1994-04-04,120705.67,120705.67,  
600853,  龙建股份,600853,  龙建股份,  1994-04-04,53680.77,53680.77,  
600854,  春兰股份,600854,  春兰股份,  1994-04-25,51945.85,51945.85,  
600855,  航天长峰,600855,  航天长峰,  1994-04-25,33161.74,33011.44,  
600856,  中天能源,600856,  中天能源,  1994-04-25,113433.12,77103.04,  
600857,  宁波中百,600857,  宁波中百,  1994-04-25,22431.99,22431.99,  
600858,  银座股份,600858,  银座股份,  1994-05-06,52006.66,51754.8,  
600859,  王府井,600859,  王府井,  1994-05-06,77625.04,60159.85,  
600860,  京城股份,600860,  京城股份,  1994-05-06,42200,42200,  
600861,  北京城乡,600861,  北京城乡,  1994-05-20,31680.49,31680.49,  
600862,  中航高科,600862,  中航高科,  1994-05-20,139304.91,79031.99,  
600863,  内蒙华电,600863,  内蒙华电,  1994-05-20,580774.5,580774.5,  
600864,  哈投股份,600864,  哈投股份,  1994-08-09,210851.38,54637.82,  
600865,  百大集团,600865,  百大集团,  1994-08-09,37624.03,37624.03,  
600866,  *ST星湖,600866,  *ST星湖,  1994-08-18,64539.35,55039.35,  
600867,  通化东宝,600867,  通化东宝,  1994-08-24,142193.35,136330.25,  
600868,  梅雁吉祥,600868,  梅雁吉祥,  1994-09-12,189814.87,189814.87,  
600869,  智慧能源,600869,  智慧能源,  1995-02-06,221935.27,204182.82,  
600870,  厦华电子,600870,  厦华电子,  1995-02-28,52319.97,52319.97,  
600871,  石化油服,600871,  石化油服,  1995-04-11,1414266.1,491833.33,  
600872,  中炬高新,600872,  中炬高新,  1995-01-24,79663.72,79663.72,  
600873,  梅花生物,600873,  梅花生物,  1995-02-17,310822.66,310822.66,  
600874,  创业环保,600874,  创业环保,  1995-06-30,142722.84,142722.84,  
600875,  东方电气,600875,  东方电气,  1995-10-10,233690.04,233690.04,  
600876,  洛阳玻璃,600876,  洛阳玻璃,  1995-10-31,52676.69,50001.82,  
600877,  中国嘉陵,600877,  中国嘉陵,  1995-10-13,68728.2,68728.2,  
600879,  航天电子,600879,  航天电子,  1995-11-15,122254.22,103953.7,  
600880,  博瑞传播,600880,  博瑞传播,  1995-11-15,109333.21,73336.51,  
600881,  亚泰集团,600881,  亚泰集团,  1995-11-15,259994.57,189473.21,  
600882,  广泽股份,600882,  广泽股份,  1995-12-06,39923.8,39923.8,  
600883,  博闻科技,600883,  博闻科技,  1995-12-08,23608.8,23608.8,  
600884,  杉杉股份,600884,  杉杉股份,  1996-01-30,112276.5,82171.65,  
600885,  宏发股份,600885,  宏发股份,  1996-02-05,53197.25,53197.25,  
600886,  国投电力,600886,  国投电力,  1996-01-18,678602.33,678602.33,  
600887,  伊利股份,600887,  伊利股份,  1996-03-12,606480.01,603336.92,  
600888,  新疆众和,600888,  新疆众和,  1996-02-15,64122.59,64122.59,  
600889,  南京化纤,600889,  南京化纤,  1996-03-08,30706.93,30706.93,  
600890,  中房股份,600890,  中房股份,  1996-03-18,57919.49,57919.49,  
600891,  秋林集团,600891,  秋林集团,  1996-03-25,61758.58,38405.51,  
600892,  大晟文化,600892,  大晟文化,  1996-03-15,13986.6,6289.94,  
600893,  中航动力,600893,  中航动力,  1996-04-08,194871.88,136750.09,  
600894,  广日股份,600894,  广日股份,  1996-03-28,85994.69,85994.69,  
600895,  张江高科,600895,  张江高科,  1996-04-22,154868.96,154868.96,  
600896,  览海投资,600896,  览海投资,  1996-05-03,86909.91,57712.83,  
600897,  厦门空港,600897,  厦门空港,  1996-05-31,29781,29781,  
600898,  三联商社,600898,  三联商社,  1996-04-18,25252.38,25252.38,  
600900,  长江电力,600900,  长江电力,  2003-11-18,2200000,974594.15,  
600908,  无锡银行,600908,  无锡银行,  2016-09-23,184811.48,18481.15,  
600909,  华安证券,600909,  华安证券,  2016-12-06,362100,80000,  
600917,  重庆燃气,600917,  重庆燃气,  2014-09-30,155600,15600,  
600919,  江苏银行,600919,  江苏银行,  2016-08-02,1154445,115445,  
600926,  杭州银行,600926,  杭州银行,  2016-10-27,261744.92,26175,  
600936,  广西广电,600936,  广西广电,  2016-08-15,167102.62,30000,  
600939,  重庆建工,600939,  重庆建工,  2017-02-21,181450,18150,  
600958,  东方证券,600958,  东方证券,  2015-03-23,621545.2,415323.48,  
600959,  江苏有线,600959,  江苏有线,  2015-04-28,388452.98,139617.84,  
600960,  渤海活塞,600960,  渤海活塞,  2004-04-07,95051.55,51281.24,  
600961,  株冶集团,600961,  株冶集团,  2004-08-30,52745.79,52745.79,  
600962,  国投中鲁,600962,  国投中鲁,  2004-06-22,26221,25402,  
600963,  岳阳林纸,600963,  岳阳林纸,  2004-05-25,104315.91,104315.91,  
600965,  福成股份,600965,  福成股份,  2004-07-13,81870.1,52800.33,  
600966,  博汇纸业,600966,  博汇纸业,  2004-06-08,133684.43,133684.43,  
600967,  北方创业,600967,  北方创业,  2004-05-18,168963.18,82282.8,  
600969,  郴电国际,600969,  郴电国际,  2004-04-08,26432.18,26432.18,  
600970,  中材国际,600970,  中材国际,  2005-04-12,175425.79,168321.07,  
600971,  恒源煤电,600971,  恒源煤电,  2004-08-17,100000.41,100000.41,  
600973,  宝胜股份,600973,  宝胜股份,  2004-08-02,90526.85,66299.35,  
600975,  新五丰,600975,  新五丰,  2004-06-09,65267.56,46872.03,  
600976,  健民集团,600976,  健民集团,  2004-04-19,15339.86,15329.86,  
600977,  中国电影,600977,  中国电影,  2016-08-09,186700,46700,  
600978,  宜华生活,600978,  宜华生活,  2004-08-24,148287,148287,  
600979,  广安爱众,600979,  广安爱众,  2004-09-06,94789.21,71789.21,  
600980,  北矿科技,600980,  北矿科技,  2004-05-12,15220.99,14332.59,  
600981,  汇鸿集团,600981,  汇鸿集团,  2004-06-30,224243.32,24185.46,  
600982,  宁波热电,600982,  宁波热电,  2004-07-06,74693,67613,  
600983,  惠而浦,600983,  惠而浦,  2004-07-27,76643.9,53280,  
600984,  建设机械,600984,  建设机械,  2004-07-07,63676.42,52129.74,  
600985,  雷鸣科化,600985,  雷鸣科化,  2004-04-28,26285.47,26285.47,  
600986,  科达股份,600986,  科达股份,  2004-04-26,86888.64,45237.33,  
600987,  航民股份,600987,  航民股份,  2004-08-09,63531,63531,  
600988,  赤峰黄金,600988,  赤峰黄金,  2004-04-14,71319.07,61034.2,  
600990,  四创电子,600990,  四创电子,  2004-05-10,13670.2,13670.2,  
600992,  贵绳股份,600992,  贵绳股份,  2004-05-14,24509,24509,  
600993,  马应龙,600993,  马应龙,  2004-05-17,43105.39,43023.63,  
600995,  文山电力,600995,  文山电力,  2004-06-15,47852.64,47852.64,  
600996,  贵广网络,600996,  贵广网络,  -,104256.84,21000,  
600997,  开滦股份,600997,  开滦股份,  2004-06-02,158779.99,123464,  
600998,  九州通,600998,  九州通,  2010-11-02,164702.63,144202.07,  
600999,  招商证券,600999,  招商证券,  2009-11-17,669942.23,569438.66,  
601000,  唐山港,601000,  唐山港,  2010-07-05,455840.66,401588.49,  
601001,  大同煤业,601001,  大同煤业,  2006-06-23,167370,167370,  
601002,  晋亿实业,601002,  晋亿实业,  2007-01-26,79269,79269,  
601003,  柳钢股份,601003,  柳钢股份,  2007-02-27,256279.32,256279.32,  
601005,  重庆钢铁,601005,  重庆钢铁,  2007-02-28,443602.26,443602.26,  
601006,  大秦铁路,601006,  大秦铁路,  2006-08-01,1486679.15,1486679.15,  
601007,  金陵饭店,601007,  金陵饭店,  2007-04-06,30000,30000,  
601008,  连云港,601008,  连云港,  2007-04-26,101521.51,101521.51,  
601009,  南京银行,601009,  南京银行,  2007-07-19,605871.99,576393.09,  
601010,  文峰股份,601010,  文峰股份,  2011-06-03,184800,184800,  
601011,  宝泰隆,601011,  宝泰隆,  2011-03-09,136750,130874.56,  
601012,  隆基股份,601012,  隆基股份,  2012-04-11,199589.08,175638.4,  
601015,  陕西黑猫,601015,  陕西黑猫,  2014-11-05,93000,44400,  
601016,  节能风电,601016,  节能风电,  2014-09-29,207778,111778,  
601018,  宁波港,601018,  宁波港,  2010-09-28,1317284.78,1280000,  
601020,  华钰矿业,601020,  华钰矿业,  2016-03-16,52567.66,5200,  
601021,  春秋航空,601021,  春秋航空,  2015-01-21,80058,20000,  
601028,  玉龙股份,601028,  玉龙股份,  2011-11-07,78466.48,78302.58,  
601038,  一拖股份,601038,  一拖股份,  2012-08-08,99590,99590,  
601058,  赛轮金宇,601058,  赛轮金宇,  2011-06-30,229393.72,226051.92,  
601069,  西部黄金,601069,  西部黄金,  2015-01-22,63600,18975,  
601088,  中国神华,601088,  中国神华,  2007-10-09,1988962.05,1988962.05,  
601098,  中南传媒,601098,  中南传媒,  2010-10-28,179600,179600,  
601099,  太平洋,601099,  太平洋,  2007-12-28,681631.64,647881.64,  
601100,  恒立液压,601100,  恒立液压,  2011-10-28,63000,63000,  
601101,  昊华能源,601101,  昊华能源,  2010-03-31,119999.83,119999.83,  
601106,  中国一重,601106,  中国一重,  2010-02-09,653800,653800,  
601107,  四川成渝,601107,  四川成渝,  2009-07-27,305806,305806,  
601111,  中国国航,601111,  中国国航,  2006-08-18,1308475.1,1308475.1,  
601113,  华鼎股份,601113,  华鼎股份,  2011-05-09,83305,64000,  
601116,  三江购物,601116,  三江购物,  2011-03-02,41075.88,41075.88,  
601117,  中国化学,601117,  中国化学,  2010-01-07,493300,493300,  
601118,  海南橡胶,601118,  海南橡胶,  2011-01-07,393117.16,393117.16,  
601126,  四方股份,601126,  四方股份,  2010-12-31,81317.2,81317.2,  
601127,  小康股份,601127,  小康股份,  2016-06-15,89250,14250,  
601128,  常熟银行,601128,  常熟银行,  2016-09-30,222272.8,22227.28,  
601137,  博威合金,601137,  博威合金,  2011-01-27,62721.97,43000,  
601139,  深圳燃气,601139,  深圳燃气,  2009-12-25,221212.42,218195.02,  
601155,  新城控股,601155,  新城控股,  2015-12-04,225898.42,70468.42,  
601158,  重庆水务,601158,  重庆水务,  2010-03-29,480000,480000,  
601163,  三角轮胎,601163,  三角轮胎,  2016-09-09,80000,20000,  
601166,  兴业银行,601166,  兴业银行,  2007-02-05,1905233.68,1905233.68,  
601168,  西部矿业,601168,  西部矿业,  2007-07-12,238300,238300,  
601169,  北京银行,601169,  北京银行,  2007-09-19,1520667.57,1520667.57,  
601177,  杭齿前进,601177,  杭齿前进,  2010-10-11,40006,40006,  
601179,  中国西电,601179,  中国西电,  2010-01-28,512588.24,512588.24,  
601186,  中国铁建,601186,  中国铁建,  2008-03-10,1357954.15,1357954.15,  
601188,  龙江交通,601188,  龙江交通,  2010-03-19,131587.86,131587.86,  
601198,  东兴证券,601198,  东兴证券,  2015-02-26,275796.07,90400,  
601199,  江南水务,601199,  江南水务,  2011-03-17,93520.62,93520.62,  
601208,  东材科技,601208,  东材科技,  2011-05-20,62660.1,62660.1,  
601211,  国泰君安,601211,  国泰君安,  2015-06-26,762500,477400.92,  
601212,  白银有色,601212,  白银有色,  2017-02-15,697296.59,69800,  
601216,  君正集团,601216,  君正集团,  2011-02-22,843801.74,843801.74,  
601218,  吉鑫科技,601218,  吉鑫科技,  2011-05-06,99176,99176,  
601222,  林洋能源,601222,  林洋能源,  2011-08-08,176409.18,142310.55,  
601225,  陕西煤业,601225,  陕西煤业,  2014-01-28,1000000,1000000,  
601226,  华电重工,601226,  华电重工,  2014-12-11,115500,40500,  
601229,  上海银行,601229,  上海银行,  2016-11-16,600445,60045,  
601231,  环旭电子,601231,  环旭电子,  2012-02-20,217592.36,217592.36,  
601233,  桐昆股份,601233,  桐昆股份,  2011-05-18,123193.63,96360,  
601238,  广汽集团,601238,  广汽集团,  2012-03-29,645421.88,645421.88,  
601258,  庞大集团,601258,  庞大集团,  2011-04-28,667506.34,648011.34,  
601288,  农业银行,601288,  农业银行,  2010-07-15,32479411.7,32479411.7,  
601311,  骆驼股份,601311,  骆驼股份,  2011-06-02,84839.58,84839.58,  
601313,  江南嘉捷,601313,  江南嘉捷,  2012-01-16,39718.24,39718.24,  
601318,  中国平安,601318,  中国平安,  2007-03-01,1828024.14,1828024.14,  
601328,  交通银行,601328,  交通银行,  2007-05-15,7426272.66,7426272.66,  
601333,  广深铁路,601333,  广深铁路,  2006-12-22,708353.7,708353.7,  
601336,  新华保险,601336,  新华保险,  2011-12-16,311954.66,311954.66,  
601339,  百隆东方,601339,  百隆东方,  2012-06-12,150000,150000,  
601368,  绿城水务,601368,  绿城水务,  2015-06-12,73581.09,29420.27,  
601369,  陕鼓动力,601369,  陕鼓动力,  2010-04-28,163877.02,163877.02,  
601375,  中原证券,601375,  中原证券,  2017-01-03,392373.47,195001.15,  
601377,  兴业证券,601377,  兴业证券,  2010-10-13,669667.17,669667.17,  
601388,  怡球资源,601388,  怡球资源,  2012-04-23,202540,202540,  
601390,  中国中铁,601390,  中国中铁,  2007-12-03,2284430.15,2253542.12,  
601398,  工商银行,601398,  工商银行,  2006-10-27,35640625.71,35640625.71,  
601500,  通用股份,601500,  通用股份,  2016-09-19,72691.91,17491.91,  
601515,  东风股份,601515,  东风股份,  2012-02-16,111200,111200,  
601518,  吉林高速,601518,  吉林高速,  2010-03-19,121320,121320,  
601519,  大智慧,601519,  大智慧,  2011-01-28,198770,198770,  
601555,  东吴证券,601555,  东吴证券,  2011-12-12,300000,289100,  
601558,  华锐风电,601558,  华锐风电,  2011-01-13,603060,566220,  
601566,  九牧王,601566,  九牧王,  2011-05-30,57463.72,57463.72,  
601567,  三星医疗,601567,  三星医疗,  2011-06-15,141880.69,101545.9,  
601579,  会稽山,601579,  会稽山,  2014-08-25,49736,24800,  
601588,  北辰实业,601588,  北辰实业,  2006-10-16,336702,336702,  
601595,  上海电影,601595,  上海电影,  2016-08-17,37350,9350,  
601599,  鹿港文化,601599,  鹿港文化,  2011-05-27,89491.52,72266.03,  
601600,  中国铝业,601600,  中国铝业,  2007-04-30,1490379.82,1490379.82,  
601601,  中国太保,601601,  中国太保,  2007-12-25,906200,906200,  
601607,  上海医药,601607,  上海医药,  1994-03-24,268891.05,268882.89,  
601608,  中信重工,601608,  中信重工,  2012-07-06,433941.93,427978.55,  
601611,  中国核建,601611,  中国核建,  2016-06-06,262500,52500,  
601616,  广电电气,601616,  广电电气,  2011-02-01,93557.5,93557.5,  
601618,  中国中冶,601618,  中国中冶,  2009-09-21,2072361.92,1911000,  
601628,  中国人寿,601628,  中国人寿,  2007-01-09,2826470.5,2826470.5,  
601633,  长城汽车,601633,  长城汽车,  2011-09-28,912726.9,912726.9,  
601636,  旗滨集团,601636,  旗滨集团,  2011-08-12,260833.98,247163.98,  
601666,  平煤股份,601666,  平煤股份,  2006-11-23,236116.5,236116.5,  
601668,  中国建筑,601668,  中国建筑,  2009-07-29,3000000,2968668.56,  
601669,  中国电建,601669,  中国电建,  2011-10-18,1375463.35,960000,  
601677,  明泰铝业,601677,  明泰铝业,  2011-09-19,51079.6,47772.92,  
601678,  滨化股份,601678,  滨化股份,  2010-02-23,118800,118800,  
601688,  华泰证券,601688,  华泰证券,  2010-02-26,716276.88,716276.88,  
601689,  拓普集团,601689,  拓普集团,  2015-03-19,64910,17070,  
601699,  潞安环能,601699,  潞安环能,  2006-09-22,299140.92,299140.92,  
601700,  风范股份,601700,  风范股份,  2011-01-18,113323.2,113323.2,  
601717,  郑煤机,601717,  郑煤机,  2010-08-03,162112.2,162112.2,  
601718,  际华集团,601718,  际华集团,  2010-08-16,385700,385700,  
601727,  上海电气,601727,  上海电气,  2008-12-05,1343115.64,1282431.31,  
601766,  中国中车,601766,  中国中车,  2008-08-18,2869886.41,2728875.83,  
601777,  力帆股份,601777,  力帆股份,  2010-11-25,125635.34,123663.34,  
601788,  光大证券,601788,  光大证券,  2009-08-18,458669.88,458669.88,  
601789,  宁波建工,601789,  宁波建工,  2011-08-16,97608,97608,  
601798,  蓝科高新,601798,  蓝科高新,  2011-06-22,35452.82,35452.82,  
601799,  星宇股份,601799,  星宇股份,  2011-02-01,27615.52,23965,  
601800,  中国交建,601800,  中国交建,  2012-03-09,1617473.54,1617473.54,  
601801,  皖新传媒,601801,  皖新传媒,  2010-01-18,198920.47,182000,  
601808,  中海油服,601808,  中海油服,  2007-09-28,477159.2,477159.2,  
601811,  新华文轩,601811,  新华文轩,  2016-08-08,123384.1,54064.71,  
601818,  光大银行,601818,  光大银行,  2010-08-18,4623655.95,4623655.95,  
601857,  中国石油,601857,  中国石油,  2007-11-05,18302097.78,18302097.78,  
601858,  中国科传,601858,  中国科传,  2017-01-18,79050,13050,  
601866,  中远海发,601866,  中远海发,  2007-12-12,1168312.5,1168312.5,  
601872,  招商轮船,601872,  招商轮船,  2006-12-01,529945.81,472092.18,  
601877,  正泰电器,601877,  正泰电器,  2010-01-21,188192.73,131944.6,  
601880,  大连港,601880,  大连港,  2010-12-06,1289453.6,1289453.6,  
601881,  中国银河,601881,  中国银河,  2017-01-23,1013725.88,429098.46,  
601882,  海天精工,601882,  海天精工,  2016-11-07,52200,5220,  
601886,  江河集团,601886,  江河集团,  2011-08-18,115405,115405,  
601888,  中国国旅,601888,  中国国旅,  2009-10-15,97623.78,97623.78,  
601890,  亚星锚链,601890,  亚星锚链,  2010-12-28,95940,95940,  
601898,  中煤能源,601898,  中煤能源,  2008-02-01,1325866.34,1325866.34,  
601899,  紫金矿业,601899,  紫金矿业,  2008-04-25,2154074.37,2154074.37,  
601900,  南方传媒,601900,  南方传媒,  2016-02-15,81910,17560,  
601901,  方正证券,601901,  方正证券,  2011-08-10,823210.14,628985.05,  
601908,  京运通,601908,  京运通,  2011-09-08,199681.77,199301.77,  
601918,  *ST新集,601918,  *ST新集,  2007-12-19,259054.18,259054.18,  
601919,  中远海控,601919,  中远海控,  2007-06-26,1021627.44,1021627.44,  
601928,  凤凰传媒,601928,  凤凰传媒,  2011-11-30,254490,254490,  
601929,  吉视传媒,601929,  吉视传媒,  2012-02-23,311080.12,311080.12,  
601933,  永辉超市,601933,  永辉超市,  2010-12-15,957046.21,650887.13,  
601939,  建设银行,601939,  建设银行,  2007-09-25,25001097.75,25001097.75,  
601958,  金钼股份,601958,  金钼股份,  2008-04-17,322660.44,322660.44,  
601965,  中国汽研,601965,  中国汽研,  2012-06-11,96117.99,96117.99,  
601966,  玲珑轮胎,601966,  玲珑轮胎,  2016-07-06,120000,20000,  
601968,  宝钢包装,601968,  宝钢包装,  2015-06-11,83333.33,31333.33,  
601969,  海南矿业,601969,  海南矿业,  2014-12-09,195472.03,85867,  
601985,  中国核电,601985,  中国核电,  2015-06-10,1556543,424125,  
601988,  中国银行,601988,  中国银行,  2006-07-05,29438779.12,29438779.12,  
601989,  中国重工,601989,  中国重工,  2009-12-16,1836166.51,1836166.51,  
601991,  大唐发电,601991,  大唐发电,  2006-12-20,1331003.76,1331003.76,  
601992,  金隅股份,601992,  金隅股份,  2011-03-01,1067777.11,948219.74,  
601996,  丰林集团,601996,  丰林集团,  2011-09-29,46891.2,46891.2,  
601997,  贵阳银行,601997,  贵阳银行,  2016-08-16,229859.19,50000,  
601998,  中信银行,601998,  中信银行,  2007-04-27,4893479.66,4678732.7,  
601999,  出版传媒,601999,  出版传媒,  2007-12-21,55091.47,55091.47,  
603000,  人民网,603000,  人民网,  2012-04-27,110569.11,110569.11,  
603001,  奥康国际,603001,  奥康国际,  2012-04-26,40098,40098,  
603002,  宏昌电子,603002,  宏昌电子,  2012-05-18,61441.17,60558.47,  
603003,  龙宇燃油,603003,  龙宇燃油,  2012-08-17,44111.46,20200,  
603005,  晶方科技,603005,  晶方科技,  2014-02-10,22669.7,17164.87,  
603006,  联明股份,603006,  联明股份,  2014-06-30,19291.76,6888,  
603007,  花王股份,603007,  花王股份,  2016-08-26,13335,3335,  
603008,  喜临门,603008,  喜临门,  2012-07-17,38285.78,31500,  
603009,  北特科技,603009,  北特科技,  2014-07-18,13130.76,3638.17,  
603010,  万盛股份,603010,  万盛股份,  2014-10-10,25439.2,10480.05,  
603011,  合锻智能,603011,  合锻智能,  2014-11-07,44619.88,21170,  
603012,  创力集团,603012,  创力集团,  2015-03-20,63656,42383.41,  
603015,  弘讯科技,603015,  弘讯科技,  2015-03-03,40020,16020,  
603016,  新宏泰,603016,  新宏泰,  2016-07-01,14816,3705,  
603017,  中衡设计,603017,  中衡设计,  2014-12-31,27537.37,11953.26,  
603018,  中设集团,603018,  中设集团,  2014-10-13,20800,12586.59,  
603019,  中科曙光,603019,  中科曙光,  2014-11-06,64302.4,35873.09,  
603020,  爱普股份,603020,  爱普股份,  2015-03-25,32000,19346,  
603021,  山东华鹏,603021,  山东华鹏,  2015-04-23,12305.7,6396,  
603022,  新通联,603022,  新通联,  2015-05-18,20000,6500,  
603023,  威帝股份,603023,  威帝股份,  2015-05-27,36000,12701.7,  
603025,  大豪科技,603025,  大豪科技,  2015-04-22,44700,5100,  
603026,  石大胜华,603026,  石大胜华,  2015-05-29,20268,14042.76,  
603027,  千禾味业,603027,  千禾味业,  2016-03-07,16000,4000,  
603028,  赛福天,603028,  赛福天,  2016-03-31,22080,5520,  
603029,  天鹅股份,603029,  天鹅股份,  2016-04-27,9334,2334,  
603030,  全筑股份,603030,  全筑股份,  2015-03-20,17736.11,6435.53,  
603031,  安德利,603031,  安德利,  2016-08-22,8000,2000,  
603032,  德新交运,603032,  德新交运,  2017-01-05,13334,3334,  
603033,  三维股份,603033,  三维股份,  2016-12-07,9070,2270,  
603035,  常熟汽饰,603035,  常熟汽饰,  2017-01-05,28000,7000,  
603036,  如通股份,603036,  如通股份,  2016-12-09,20336,5084,  
603037,  凯众股份,603037,  凯众股份,  2017-01-20,8000,2000,  
603038,  华立股份,603038,  华立股份,  2017-01-16,6670,1670,  
603039,  泛微网络,603039,  泛微网络,  2017-01-13,6667,1667,  
603040,  新坐标,603040,  新坐标,  2017-02-09,6000,1500,  
603058,  永吉股份,603058,  永吉股份,  2016-12-23,42156,4216,  
603060,  国检集团,603060,  国检集团,  2016-11-09,22000,5500,  
603066,  音飞储存,603066,  音飞储存,  2015-06-11,10071,4562.5,  
603067,  振华股份,603067,  振华股份,  2016-09-13,22000,5500,  
603069,  海汽集团,603069,  海汽集团,  2016-07-12,31600,7900,  
603077,  和邦生物,603077,  和邦生物,  2012-07-31,401420.46,318512.38,  
603085,  天成自控,603085,  天成自控,  2015-06-30,11191.77,2875,  
603088,  宁波精达,603088,  宁波精达,  2014-11-11,8000,2500,  
603089,  正裕工业,603089,  正裕工业,  2017-01-26,10667,2667,  
603090,  宏盛股份,603090,  宏盛股份,  2016-08-31,10000,2500,  
603098,  森特股份,603098,  森特股份,  2016-12-16,40001,6251,  
603099,  长白山,603099,  长白山,  2014-08-22,26667,10267,  
603100,  川仪股份,603100,  川仪股份,  2014-08-05,39500,23138.14,  
603101,  汇嘉时代,603101,  汇嘉时代,  2016-05-06,24000,6000,  
603108,  润达医疗,603108,  润达医疗,  2015-05-27,32196.34,12325.54,  
603111,  康尼机电,603111,  康尼机电,  2014-08-01,73838.33,38363,  
603116,  红蜻蜓,603116,  红蜻蜓,  2015-06-29,40880,18070.57,  
603117,  万林股份,603117,  万林股份,  2015-06-29,46232.09,23510.5,  
603118,  共进股份,603118,  共进股份,  2015-02-25,35588.86,12262.31,  
603123,  翠微股份,603123,  翠微股份,  2012-05-03,52414.42,36839.49,  
603126,  中材节能,603126,  中材节能,  2014-07-31,61050,21804,  
603128,  华贸物流,603128,  华贸物流,  2012-05-29,99918.48,80834.9,  
603131,  上海沪工,603131,  上海沪工,  2016-06-07,10000,2500,  
603158,  腾龙股份,603158,  腾龙股份,  2015-03-20,21834.6,10134,  
603159,  上海亚虹,603159,  上海亚虹,  2016-08-12,10000,2500,  
603160,  汇顶科技,603160,  汇顶科技,  2016-10-17,44500,4500,  
603165,  荣晟环保,603165,  荣晟环保,  2017-01-17,12668,3168,  
603166,  福达股份,603166,  福达股份,  2014-11-27,59201.87,14986.79,  
603167,  渤海轮渡,603167,  渤海轮渡,  2012-09-06,48140,48140,  
603168,  莎普爱思,603168,  莎普爱思,  2014-07-02,17724.86,10060.6,  
603169,  兰石重装,603169,  兰石重装,  2014-10-09,102541.56,46627.12,  
603177,  德创环保,603177,  德创环保,  2017-02-07,20200,5050,  
603186,  华正新材,603186,  华正新材,  2017-01-03,12935,3235,  
603188,  亚邦股份,603188,  亚邦股份,  2014-09-09,57600,37900.8,  
603189,  网达软件,603189,  网达软件,  2016-09-14,22080,5520,  
603198,  迎驾贡酒,603198,  迎驾贡酒,  2015-05-28,80000,16640,  
603199,  九华旅游,603199,  九华旅游,  2015-03-26,11068,7294.43,  
603203,  快克股份,603203,  快克股份,  2016-11-08,9200,2300,  
603208,  江山欧派,603208,  江山欧派,  2017-02-10,8081.61,2021,  
603218,  日月股份,603218,  日月股份,  2016-12-28,40100,4100,  
603222,  济民制药,603222,  济民制药,  2015-02-17,32000,11294,  
603223,  恒通股份,603223,  恒通股份,  2015-06-30,12000,7900,  
603227,  雪峰科技,603227,  雪峰科技,  2015-05-15,65870,42154,  
603228,  景旺电子,603228,  景旺电子,  2017-01-06,40800,4800,  
603238,  诺邦股份,603238,  诺邦股份,  2017-02-22,12000,3000,  
603239,  浙江仙通,603239,  浙江仙通,  2016-12-30,9024,2256,  
603258,  电魂网络,603258,  电魂网络,  2016-10-26,24000,6000,  
603266,  天龙股份,603266,  天龙股份,  2017-01-10,10000,2500,  
603268,  松发股份,603268,  松发股份,  2015-03-19,8800,4114,  
603288,  海天味业,603288,  海天味业,  2014-02-11,270495.07,269688.67,  
603298,  杭叉集团,603298,  杭叉集团,  2016-12-27,61885.42,8666,  
603299,  井神股份,603299,  井神股份,  2015-12-31,55944,27930.09,  
603300,  华铁科技,603300,  华铁科技,  2015-05-29,40534,27811.4,  
603306,  华懋科技,603306,  华懋科技,  2014-09-26,21390,7374.75,  
603308,  应流股份,603308,  应流股份,  2014-01-22,43375.43,40001,  
603309,  维力医疗,603309,  维力医疗,  2015-03-02,20000,7700,  
603311,  金海环境,603311,  金海环境,  2015-05-18,21000,9300.63,  
603313,  梦百合,603313,  梦百合,  2016-10-13,24000,6000,  
603315,  福鞍股份,603315,  福鞍股份,  2015-04-24,20000,7786.25,  
603318,  派思股份,603318,  派思股份,  2015-04-24,36570,10620,  
603319,  湘油泵,603319,  湘油泵,  2016-11-30,8092,2023,  
603322,  超讯通信,603322,  超讯通信,  2016-07-28,8000,2000,  
603323,  吴江银行,603323,  吴江银行,  2016-11-29,111391.1,11150,  
603328,  依顿电子,603328,  依顿电子,  2014-07-01,49844.48,9798,  
603330,  上海天洋,603330,  上海天洋,  2017-02-13,6000,1500,  
603333,  明星电缆,603333,  明星电缆,  2012-05-07,52000.5,52000.5,  
603336,  宏辉果蔬,603336,  宏辉果蔬,  2016-11-24,13335,3335,  
603337,  杰克股份,603337,  杰克股份,  2017-01-19,20667,5167,  
603338,  浙江鼎力,603338,  浙江鼎力,  2015-03-25,16250,4622.5,  
603339,  四方冷链,603339,  四方冷链,  2016-05-19,20680,5170,  
603345,  安井食品,603345,  安井食品,  2017-02-22,21604,5401,  
603355,  莱克电气,603355,  莱克电气,  2015-05-13,40100,6669,  
603358,  华达科技,603358,  华达科技,  2017-01-25,16000,4000,  
603360,  百傲化学,603360,  百傲化学,  2017-02-06,13334,3334,  
603366,  日出东方,603366,  日出东方,  2012-05-21,80000,80000,  
603368,  柳州医药,603368,  柳州医药,  2014-12-04,14234.8,5738.39,  
603369,  今世缘,603369,  今世缘,  2014-07-03,125450,68075,  
603377,  东方时尚,603377,  东方时尚,  2016-02-05,42000,11775.63,  
603389,  亚振家居,603389,  亚振家居,  2016-12-15,21896,5474.95,  
603393,  新天然气,603393,  新天然气,  2016-09-12,16000,4000,  
603398,  邦宝益智,603398,  邦宝益智,  2015-12-09,21120,5280,  
603399,  新华龙,603399,  新华龙,  2012-08-24,49925.06,49925.06,  
603416,  信捷电气,603416,  信捷电气,  2016-12-21,10040,2510,  
603421,  鼎信通讯,603421,  鼎信通讯,  2016-10-11,43340,4340,  
603429,  集友股份,603429,  集友股份,  2017-01-24,6800,1700,  
603444,  吉比特,603444,  吉比特,  2017-01-04,7117.05,1780,  
603456,  九洲药业,603456,  九洲药业,  2014-10-10,44314.62,14326.62,  
603508,  思维列控,603508,  思维列控,  2015-12-24,16000,6520,  
603515,  欧普照明,603515,  欧普照明,  2016-08-19,57947.91,5800,  
603518,  维格娜丝,603518,  维格娜丝,  2014-12-03,14798,5562.76,  
603519,  立霸股份,603519,  立霸股份,  2015-03-19,16000,7687.96,  
603520,  司太立,603520,  司太立,  2016-03-09,12000,3000,  
603528,  多伦科技,603528,  多伦科技,  2016-05-03,20668,5168,  
603555,  贵人鸟,603555,  贵人鸟,  2014-01-24,62860.21,61400,  
603556,  海兴电力,603556,  海兴电力,  2016-11-10,37334,9334,  
603558,  健盛集团,603558,  健盛集团,  2015-01-27,37050,11550,  
603559,  中通国脉,603559,  中通国脉,  2016-12-02,8800,2200,  
603566,  普莱柯,603566,  普莱柯,  2015-05-18,32374,16211.82,  
603567,  珍宝岛,603567,  珍宝岛,  2015-04-24,84916,27316,  
603568,  伟明环保,603568,  伟明环保,  2015-05-28,68070,13063.8,  
603569,  长久物流,603569,  长久物流,  2016-08-10,40001,4001,  
603577,  汇金通,603577,  汇金通,  2016-12-22,11668,2918,  
603579,  荣泰健康,603579,  荣泰健康,  2017-01-11,7000,1750,  
603585,  苏利股份,603585,  苏利股份,  2016-12-14,10000,2500,  
603588,  高能环境,603588,  高能环境,  2014-12-29,33092.3,24275.63,  
603589,  口子窖,603589,  口子窖,  2015-06-29,60000,29352.44,  
603598,  引力传媒,603598,  引力传媒,  2015-05-27,27111.3,9736,  
603599,  广信股份,603599,  广信股份,  2015-05-13,37648,13648,  
603600,  永艺股份,603600,  永艺股份,  2015-01-23,10000,4187.5,  
603601,  再升科技,603601,  再升科技,  2015-01-22,38615.13,15633.2,  
603603,  博天环境,603603,  博天环境,  2017-02-17,40001,4001,  
603606,  东方电缆,603606,  东方电缆,  2014-10-15,31097,13923.8,  
603608,  天创时尚,603608,  天创时尚,  2016-02-18,28000,9100,  
603609,  禾丰牧业,603609,  禾丰牧业,  2014-08-08,83117.65,41839.19,  
603611,  诺力股份,603611,  诺力股份,  2015-01-28,18583.75,9302.5,  
603615,  茶花股份,603615,  茶花股份,  2017-02-13,24000,6000,  
603616,  韩建河山,603616,  韩建河山,  2015-06-11,29336,14736,  
603618,  杭电股份,603618,  杭电股份,  2015-02-17,68687.89,26325,  
603626,  科森科技,603626,  科森科技,  2017-02-09,21066.67,5266.67,  
603628,  清源股份,603628,  清源股份,  2017-01-12,27380,6845,  
603633,  徕木股份,603633,  ?木股份,  2016-11-17,12035,3009,  
603636,  南威软件,603636,  南威软件,  2014-12-30,10170.79,4259.58,  
603637,  镇海股份,603637,  镇海股份,  2017-02-08,10230.51,2557.63,  
603638,  艾迪精密,603638,  艾迪精密,  2017-01-20,17600,4400,  
603639,  海利尔,603639,  海利尔,  2017-01-12,12000,3000,  
603658,  安图生物,603658,  安图生物,  2016-09-01,42000,4200,  
603660,  苏州科达,603660,  苏州科达,  2016-12-01,25000,5000,  
603663,  三祥新材,603663,  三祥新材,  2016-08-01,13415,3355,  
603667,  五洲新春,603667,  五洲新春,  2016-10-25,20240,5060,  
603668,  天马科技,603668,  天马科技,  2017-01-17,21200,5300,  
603669,  灵康药业,603669,  灵康药业,  2015-05-28,26000,8645,  
603677,  奇精机械,603677,  奇精机械,  2017-02-06,8000,2000,  
603678,  火炬电子,603678,  火炬电子,  2015-01-26,18106.64,8069.97,  
603686,  龙马环卫,603686,  龙马环卫,  2015-01-26,27235,10625,  
603688,  石英股份,603688,  石英股份,  2014-10-31,22489.2,8016,  
603689,  皖天然气,603689,  皖天然气,  2017-01-10,33600,8400,  
603690,  至纯科技,603690,  至纯科技,  2017-01-13,20800,5200,  
603696,  安记食品,603696,  安记食品,  2015-12-09,12000,3450,  
603698,  航天工程,603698,  航天工程,  2015-01-28,41230,8877.06,  
603699,  纽威股份,603699,  纽威股份,  2014-01-17,75000,75000,  
603701,  德宏股份,603701,  德宏股份,  2016-04-12,7840,1960,  
603703,  盛洋科技,603703,  盛洋科技,  2015-04-23,22970,9591.88,  
603708,  家家悦,603708,  家家悦,  2016-12-13,36000,9000,  
603716,  塞力斯,603716,  塞力斯,  2016-10-31,5094,1274,  
603718,  海利生物,603718,  海利生物,  2015-05-15,64400,30493.4,  
603726,  朗迪集团,603726,  朗迪集团,  2016-04-21,9472,2368,  
603727,  博迈科,603727,  博迈科,  2016-11-22,23414.5,5870,  
603729,  龙韵股份,603729,  龙韵股份,  2015-03-24,6667,3610,  
603737,  三棵树,603737,  三棵树,  2016-06-03,10000,2500,  
603738,  泰晶科技,603738,  泰晶科技,  2016-09-28,6668,1668,  
603766,  隆鑫通用,603766,  隆鑫通用,  2012-08-10,84509.14,82560.57,  
603777,  来伊份,603777,  来伊份,  2016-10-12,24000,6000,  
603778,  乾景园林,603778,  乾景园林,  2015-12-31,20000,9048.16,  
603779,  威龙股份,603779,  威龙股份,  2016-05-16,20020,5020,  
603788,  宁波高发,603788,  宁波高发,  2015-01-20,14140,4899.6,  
603789,  星光农机,603789,  星光农机,  2015-04-27,20155.9,8000,  
603798,  康普顿,603798,  康普顿,  2016-04-06,10000,2500,  
603799,  华友钴业,603799,  华友钴业,  2015-01-29,59267.66,27127.2,  
603800,  道森股份,603800,  道森股份,  2015-12-10,20800,6760,  
603806,  福斯特,603806,  福斯特,  2014-09-05,40200,9021,  
603808,  歌力思,603808,  歌力思,  2015-04-22,24847.31,8303.86,  
603816,  顾家家居,603816,  顾家家居,  2016-10-14,41250,8250,  
603817,  海峡环保,603817,  海峡环保,  2017-02-20,45000,11250,  
603818,  曲美家居,603818,  曲美家居,  2015-04-22,48412,13160.8,  
603819,  神力股份,603819,  神力股份,  2016-11-25,12000,3000,  
603822,  嘉澳环保,603822,  嘉澳环保,  2016-04-28,7335,1835,  
603823,  百合花,603823,  百合花,  2016-12-20,22500,4500,  
603828,  柯利达,603828,  柯利达,  2015-02-26,18451.2,6012,  
603838,  四通股份,603838,  四通股份,  2015-07-01,26668,9728,  
603839,  安正时尚,603839,  安正时尚,  2017-02-14,28504,7126,  
603843,  正平股份,603843,  正平股份,  2016-09-05,40000.3,9970,  
603858,  步长制药,603858,  步长制药,  2016-11-18,68180,6980,  
603859,  能科股份,603859,  能科股份,  2016-10-21,11356,2839,  
603861,  白云电器,603861,  白云电器,  2016-03-22,40910,4910,  
603866,  桃李面包,603866,  桃李面包,  2015-12-22,45012.6,5917.73,  
603868,  飞科电器,603868,  飞科电器,  2016-04-18,43560,4360,  
603869,  北部湾旅,603869,  北部湾旅,  2015-03-26,34880.63,7287.29,  
603877,  太平鸟,603877,  太平鸟,  2017-01-09,47500,5500,  
603878,  武进不锈,603878,  武进不锈,  2016-12-19,20200,5050,  
603881,  数据港,603881,  数据港,  2017-02-08,21058.65,5265,  
603883,  老百姓,603883,  老百姓,  2015-04-23,26700,8412.32,  
603885,  吉祥航空,603885,  吉祥航空,  2015-05-27,128358.11,21500,  
603886,  元祖股份,603886,  元祖股份,  2016-12-28,24000,5999.68,  
603887,  城地股份,603887,  城地股份,  2016-10-10,9810,2460,  
603888,  新华网,603888,  新华网,  2016-10-28,20761.17,5190.29,  
603889,  新澳股份,603889,  新澳股份,  2014-12-31,32516,14194.12,  
603898,  好莱客,603898,  好莱客,  2015-02-17,29990,8723.4,  
603899,  晨光文具,603899,  晨光文具,  2015-01-27,92000,22400,  
603900,  通灵珠宝,603900,  通灵珠宝,  2016-11-23,24319.56,6079.89,  
603901,  永创智能,603901,  永创智能,  2015-05-29,40000,15400,  
603909,  合诚股份,603909,  合诚股份,  2016-06-28,10000,2500,  
603918,  金桥信息,603918,  金桥信息,  2015-05-28,17600,12334.4,  
603919,  金徽酒,603919,  金徽酒,  2016-03-10,28000,7000,  
603928,  兴业股份,603928,  兴业股份,  2016-12-12,20160,5040,  
603929,  亚翔集成,603929,  亚翔集成,  2016-12-30,21336,5336,  
603936,  博敏电子,603936,  博敏电子,  2015-12-09,16735,5610,  
603939,  益丰药房,603939,  益丰药房,  2015-02-17,36269.47,15600.8,  
603958,  哈森股份,603958,  哈森股份,  2016-06-29,21736,5435.78,  
603959,  百利科技,603959,  百利科技,  2016-05-17,22400,5600,  
603966,  法兰泰克,603966,  法兰泰克,  2017-01-25,16000,4000,  
603968,  醋化股份,603968,  醋化股份,  2015-05-18,20448,13660,  
603969,  银龙股份,603969,  银龙股份,  2015-02-27,40000,15263.05,  
603977,  国泰集团,603977,  国泰集团,  2016-11-11,22108,5528,  
603979,  金诚信,603979,  金诚信,  2015-06-30,45000,18704.64,  
603986,  兆易创新,603986,  兆易创新,  2016-08-18,10000,2500,  
603987,  康德莱,603987,  康德莱,  2016-11-21,21029,5260,  
603988,  中电电机,603988,  中电电机,  2014-11-04,8000,2240,  
603989,  艾华集团,603989,  艾华集团,  2015-05-15,30000,8437.5,  
603990,  麦迪科技,603990,  麦迪科技,  2016-12-08,8000,2000,  
603993,  洛阳钼业,603993,  洛阳钼业,  2012-10-09,1688719.87,1688719.87,  
603996,  中新科技,603996,  中新科技,  2015-12-22,30015,10327.5,  
603997,  继峰股份,603997,  继峰股份,  2015-03-02,42000,11400,  
603998,  方盛制药,603998,  方盛制药,  2014-12-05,43300.67,26917.72,  
603999,  读者传媒,603999,  读者传媒,  2015-12-10,28800,11520,  
